yahoo_ticker,symbol,company_name,sector,sub_industry,first_date,last_date,history_years,valid_obs,valid_ratio,avg_dollar_volume_60d,avg_dollar_volume_all,pass_has_data,pass_liquidity,pass_basic,return_missing_ratio,return_observations,pass_min_observations,pass_analysis
Q,Q,Qnity Electronics,Information Technology,Semiconductor Materials & Equipment,2025-10-27,2026-05-01,0.5092402464065708,129,0.06999457406402604,257748065.72355652,237906409.87761623,True,True,True,0.9305103148751357,128,False,False
SNDK,SNDK,Sandisk,Information Technology,"Technology Hardware, Storage & Peripherals",2025-02-13,2026-05-01,1.2101300479123889,305,0.16549104720564298,12824351107.846785,3803667712.590385,True,True,True,0.8349619978284474,304,True,True
GEV,GEV,GE Vernova,Industrials,Heavy Electrical Equipment,2024-03-27,2026-05-01,2.0944558521560577,526,0.2854042322300597,2301857415.119222,1395105684.9285026,True,True,True,0.7149837133550488,525,True,True
SOLV,SOLV,Solventum,Health Care,Health Care Technology,2024-03-26,2026-05-01,2.0971937029431897,527,0.28594682582745523,87408568.98650259,88009990.64086583,True,True,True,0.7144408251900108,526,True,True
VLTO,VLTO,Veralto,Industrials,Environmental & Facilities Services,2023-10-04,2026-05-01,2.5735797399041753,646,0.35051546391752575,189522279.48341218,158159449.90386477,True,True,True,0.6498371335504886,645,True,True
KVUE,KVUE,Kenvue,Consumer Staples,Personal Care Products,2023-05-04,2026-05-01,2.9924709103353866,751,0.40748779164405863,525340860.87144214,468681847.8319997,True,True,True,0.5928338762214984,750,True,True
GEHC,GEHC,GE HealthCare,Health Care,Health Care Equipment,2022-12-15,2026-05-01,3.375770020533881,846,0.45903418339663593,284329755.57863754,253696782.6570059,True,True,True,0.5412595005428882,845,True,True
CEG,CEG,Constellation Energy,Utilities,Electric Utilities,2022-01-19,2026-05-01,4.2792607802874745,1075,0.583288117200217,959979061.6028467,527296870.4207682,True,True,True,0.4169381107491857,1074,True,True
HOOD,HOOD,Robinhood Markets,Financials,Investment Banking & Brokerage,2021-07-29,2026-05-01,4.75564681724846,1195,0.6483993488876831,2511280578.09754,1051374494.1650391,True,True,True,0.3517915309446254,1194,True,True
APP,APP,AppLovin,Information Technology,Application Software,2021-04-15,2026-05-01,5.04312114989733,1268,0.6880086814975583,2285615652.348659,907816816.0173496,True,True,True,0.3121606948968513,1267,True,True
COIN,COIN,Coinbase,Financials,Financial Exchanges & Data,2021-04-14,2026-05-01,5.045859000684462,1269,0.6885512750949538,2252049986.519999,1867070225.2664435,True,True,True,0.3116178067318133,1268,True,True
EXE,EXE,Expand Energy,Energy,Oil & Gas Exploration & Production,2021-02-10,2026-05-01,5.218343600273785,1312,0.7118827997829625,413685165.8391958,204469587.14801016,True,True,True,0.28827361563517917,1311,True,True
ABNB,ABNB,Airbnb,Consumer Discretionary,"Hotels, Resorts & Cruise Lines",2020-12-10,2026-05-01,5.388090349075975,1353,0.7341291372761801,549140807.8612401,790222752.4272915,True,True,True,0.26601520086862107,1352,True,True
DASH,DASH,DoorDash,Consumer Discretionary,Specialized Consumer Services,2020-12-09,2026-05-01,5.390828199863107,1354,0.7346717308735757,844373223.1912994,571016926.0202613,True,True,True,0.26547231270358307,1353,True,True
PLTR,PLTR,Palantir Technologies,Information Technology,Application Software,2020-09-30,2026-05-01,5.582477754962355,1403,0.7612588171459577,7030511420.6611185,3132566534.626591,True,True,True,0.23887079261672095,1402,True,True
CARR,CARR,Carrier Global,Industrials,Building Products,2020-03-19,2026-05-01,6.116358658453114,1538,0.834508952794357,423717218.5312739,259789670.68203798,True,True,True,0.16558089033659065,1537,True,True
OTIS,OTIS,Otis Worldwide,Industrials,Industrial Machinery & Supplies & Components,2020-03-19,2026-05-01,6.116358658453114,1538,0.834508952794357,318258795.7938531,198621314.84029973,True,True,True,0.16558089033659065,1537,True,True
DDOG,DDOG,Datadog,Information Technology,Application Software,2019-09-19,2026-05-01,6.614647501711157,1663,0.9023331524688009,642580875.2836975,468450172.5987161,True,True,True,0.09771986970684039,1662,True,True
CRWD,CRWD,CrowdStrike,Information Technology,Systems Software,2019-06-12,2026-05-01,6.885694729637235,1732,0.9397721106890938,1646204124.6745808,921008385.3412586,True,True,True,0.06026058631921824,1731,True,True
CTVA,CTVA,Corteva,Materials,Fertilizers & Agricultural Chemicals,2019-05-24,2026-05-01,6.937713894592744,1744,0.9462832338578405,309380341.4361922,190653249.55416852,True,True,True,0.05374592833876222,1743,True,True
UBER,UBER,Uber,Industrials,Passenger Ground Transportation,2019-05-10,2026-05-01,6.976043805612594,1754,0.951709169831796,1289398861.590682,1136799473.4923995,True,True,True,0.048317046688382194,1753,True,True
DOW,DOW,Dow Inc.,Materials,Commodity Chemicals,2019-03-20,2026-05-01,7.115674195756331,1790,0.9712425393380358,520321343.642909,281840248.67652637,True,True,True,0.028773072747014114,1789,True,True
FOX,FOX,Fox Corporation (Class B),Communication Services,Broadcasting,2019-03-13,2026-05-01,7.134839151266256,1795,0.9739555073250136,92714649.06596343,49206640.523549825,True,True,True,0.026058631921824105,1794,True,True
FOXA,FOXA,Fox Corporation (Class A),Communication Services,Broadcasting,2019-03-12,2026-05-01,7.137577002053388,1796,0.9744981009224091,233303736.0553217,146605276.90888816,True,True,True,0.025515743756786103,1795,True,True
FISV,FISV,Fiserv,Financials,Transaction & Payment Processing Services,2019-01-02,2026-05-01,7.326488706365503,1842,0.9994574064026045,408869162.494192,471422323.0145138,True,True,True,0.0,1842,True,True
NVDA,NVDA,Nvidia,Information Technology,Semiconductors,2019-01-02,2026-05-01,7.326488706365503,1843,1.0,32107108753.568523,16623866841.152266,True,True,True,0.0,1842,True,True
TSLA,TSLA,"Tesla, Inc.",Consumer Discretionary,Automobile Manufacturers,2019-01-02,2026-05-01,7.326488706365503,1843,1.0,24042825457.095116,21612951699.482735,True,True,True,0.0,1842,True,True
MU,MU,Micron Technology,Information Technology,Semiconductors,2019-01-02,2026-05-01,7.326488706365503,1843,1.0,16915552562.061535,2352539593.062578,True,True,True,0.0,1842,True,True
MSFT,MSFT,Microsoft,Information Technology,Systems Software,2019-01-02,2026-05-01,7.326488706365503,1843,1.0,14027282153.490286,7919299847.38208,True,True,True,0.0,1842,True,True
AMZN,AMZN,Amazon,Consumer Discretionary,Broadline Retail,2019-01-02,2026-05-01,7.326488706365503,1843,1.0,11656160440.633701,9357248733.744967,True,True,True,0.0,1842,True,True
AAPL,AAPL,Apple Inc.,Information Technology,"Technology Hardware, Storage & Peripherals",2019-01-02,2026-05-01,7.326488706365503,1843,1.0,11305463142.354229,11581156323.629942,True,True,True,0.0,1842,True,True
GOOGL,GOOGL,Alphabet Inc. (Class A),Communication Services,Interactive Media & Services,2019-01-02,2026-05-01,7.326488706365503,1843,1.0,10033115826.63669,4320289217.799388,True,True,True,0.0,1842,True,True
META,META,Meta Platforms,Communication Services,Interactive Media & Services,2019-01-02,2026-05-01,7.326488706365503,1843,1.0,9443547913.564758,6427041172.152421,True,True,True,0.0,1842,True,True
AMD,AMD,Advanced Micro Devices,Information Technology,Semiconductors,2019-01-02,2026-05-01,7.326488706365503,1843,1.0,8668659371.169403,6157855326.091162,True,True,True,0.0,1842,True,True
AVGO,AVGO,Broadcom,Information Technology,Semiconductors,2019-01-02,2026-05-01,7.326488706365503,1843,1.0,8466533358.687242,2818403055.5569124,True,True,True,0.0,1842,True,True
GOOG,GOOG,Alphabet Inc. (Class C),Communication Services,Interactive Media & Services,2019-01-02,2026-05-01,7.326488706365503,1843,1.0,6463223546.896082,3300355132.327925,True,True,True,0.0,1842,True,True
INTC,INTC,Intel,Information Technology,Semiconductors,2019-01-02,2026-05-01,7.326488706365503,1843,1.0,5897208327.762737,1878778948.3879607,True,True,True,0.0,1842,True,True
ORCL,ORCL,Oracle Corporation,Information Technology,Application Software,2019-01-02,2026-05-01,7.326488706365503,1843,1.0,4495915320.622703,1427861904.447819,True,True,True,0.0,1842,True,True
LITE,LITE,Lumentum,Information Technology,Communications Equipment,2019-01-02,2026-05-01,7.326488706365503,1843,1.0,4477307071.2623415,305793370.58626384,True,True,True,0.0,1842,True,True
NFLX,NFLX,Netflix,Communication Services,Movies & Entertainment,2019-01-02,2026-05-01,7.326488706365503,1843,1.0,4193264773.573103,2899137957.9747086,True,True,True,0.0,1842,True,True
XOM,XOM,ExxonMobil,Energy,Integrated Oil & Gas,2019-01-02,2026-05-01,7.326488706365503,1843,1.0,3351424309.6251807,1678386067.3469775,True,True,True,0.0,1842,True,True
LLY,LLY,Lilly (Eli),Health Care,Pharmaceuticals,2019-01-02,2026-05-01,7.326488706365503,1843,1.0,3007479157.2930055,1544284676.8723392,True,True,True,0.0,1842,True,True
JPM,JPM,JPMorgan Chase,Financials,Diversified Banks,2019-01-02,2026-05-01,7.326488706365503,1843,1.0,2945708605.202433,1917119221.9938467,True,True,True,0.0,1842,True,True
WMT,WMT,Walmart,Consumer Staples,Consumer Staples Merchandise Retail,2019-01-02,2026-05-01,7.326488706365503,1843,1.0,2648349757.712061,1251532353.830704,True,True,True,0.0,1842,True,True
WDC,WDC,Western Digital,Information Technology,"Technology Hardware, Storage & Peripherals",2019-01-02,2026-05-01,7.326488706365503,1843,1.0,2626406073.3254495,429944622.1607541,True,True,True,0.0,1842,True,True
UNH,UNH,UnitedHealth Group,Health Care,Managed Health Care,2019-01-02,2026-05-01,7.326488706365503,1843,1.0,2611380837.4831195,1862483399.304346,True,True,True,0.0,1842,True,True
CRM,CRM,Salesforce,Information Technology,Application Software,2019-01-02,2026-05-01,7.326488706365503,1843,1.0,2581065609.4858236,1531456143.2362201,True,True,True,0.0,1842,True,True
AMAT,AMAT,Applied Materials,Information Technology,Semiconductor Materials & Equipment,2019-01-02,2026-05-01,7.326488706365503,1843,1.0,2440733997.324953,961296082.0925219,True,True,True,0.0,1842,True,True
V,V,Visa Inc.,Financials,Transaction & Payment Processing Services,2019-01-02,2026-05-01,7.326488706365503,1843,1.0,2330775951.5856423,1759425172.2954762,True,True,True,0.0,1842,True,True
CVX,CVX,Chevron Corporation,Energy,Integrated Oil & Gas,2019-01-02,2026-05-01,7.326488706365503,1843,1.0,2328551972.98248,1261873978.4003916,True,True,True,0.0,1842,True,True
LRCX,LRCX,Lam Research,Information Technology,Semiconductor Materials & Equipment,2019-01-02,2026-05-01,7.326488706365503,1843,1.0,2323153078.7802753,858501475.9526454,True,True,True,0.0,1842,True,True
NOW,NOW,ServiceNow,Information Technology,Systems Software,2019-01-02,2026-05-01,7.326488706365503,1843,1.0,2244810503.053522,929893711.5483065,True,True,True,0.0,1842,True,True
BRK-B,BRK.B,Berkshire Hathaway,Financials,Multi-Sector Holdings,2019-01-02,2026-05-01,7.326488706365503,1843,1.0,2235147151.9072547,1425797765.6519518,True,True,True,0.0,1842,True,True
VRT,VRT,Vertiv,Industrials,Electrical Components & Equipment,2019-01-02,2026-05-01,7.326488706365503,1843,1.0,2098983816.206004,360372964.0012766,True,True,True,0.0,1842,True,True
BAC,BAC,Bank of America,Financials,Diversified Banks,2019-01-02,2026-05-01,7.326488706365503,1843,1.0,2014897261.2524261,1699550186.698371,True,True,True,0.0,1842,True,True
GS,GS,Goldman Sachs,Financials,Investment Banking & Brokerage,2019-01-02,2026-05-01,7.326488706365503,1843,1.0,1986140304.128194,976148315.4283265,True,True,True,0.0,1842,True,True
CAT,CAT,Caterpillar Inc.,Industrials,Construction Machinery & Heavy Transportation Equipment,2019-01-02,2026-05-01,7.326488706365503,1843,1.0,1968562273.9928944,800044230.5109348,True,True,True,0.0,1842,True,True
COHR,COHR,Coherent Corp.,Information Technology,Electronic Components,2019-01-02,2026-05-01,7.326488706365503,1843,1.0,1958184760.5547795,208683216.61702275,True,True,True,0.0,1842,True,True
JNJ,JNJ,Johnson & Johnson,Health Care,Pharmaceuticals,2019-01-02,2026-05-01,7.326488706365503,1843,1.0,1939190612.8482246,1313329257.8453486,True,True,True,0.0,1842,True,True
QCOM,QCOM,Qualcomm,Information Technology,Semiconductors,2019-01-02,2026-05-01,7.326488706365503,1843,1.0,1915952503.7858443,1243039173.0528355,True,True,True,0.0,1842,True,True
COST,COST,Costco,Consumer Staples,Consumer Staples Merchandise Retail,2019-01-02,2026-05-01,7.326488706365503,1843,1.0,1836934620.710307,1239096727.0653863,True,True,True,0.0,1842,True,True
CSCO,CSCO,Cisco,Information Technology,Communications Equipment,2019-01-02,2026-05-01,7.326488706365503,1843,1.0,1833558712.8722832,1096983940.1136513,True,True,True,0.0,1842,True,True
BKNG,BKNG,Booking Holdings,Consumer Discretionary,"Hotels, Resorts & Cruise Lines",2019-01-02,2026-05-01,7.326488706365503,1843,1.0,1809028425.271621,924106802.8506709,True,True,True,0.0,1842,True,True
MA,MA,Mastercard,Financials,Transaction & Payment Processing Services,2019-01-02,2026-05-01,7.326488706365503,1843,1.0,1793913156.933225,1260767278.4670804,True,True,True,0.0,1842,True,True
GE,GE,GE Aerospace,Industrials,Aerospace & Defense,2019-01-02,2026-05-01,7.326488706365503,1843,1.0,1783785964.2009227,850262342.5355364,True,True,True,0.0,1842,True,True
GLW,GLW,Corning Inc.,Information Technology,Electronic Components,2019-01-02,2026-05-01,7.326488706365503,1843,1.0,1762598223.1561852,258479658.61297336,True,True,True,0.0,1842,True,True
PANW,PANW,Palo Alto Networks,Information Technology,Systems Software,2019-01-02,2026-05-01,7.326488706365503,1843,1.0,1725659726.0495677,788246130.2102443,True,True,True,0.0,1842,True,True
STX,STX,Seagate Technology,Information Technology,"Technology Hardware, Storage & Peripherals",2019-01-02,2026-05-01,7.326488706365503,1843,1.0,1721071743.525759,319370745.5103795,True,True,True,0.0,1842,True,True
C,C,Citigroup,Financials,Diversified Banks,2019-01-02,2026-05-01,7.326488706365503,1843,1.0,1618785230.964329,1125347153.6499388,True,True,True,0.0,1842,True,True
INTU,INTU,Intuit,Information Technology,Application Software,2019-01-02,2026-05-01,7.326488706365503,1843,1.0,1612478919.9329834,757728893.8263419,True,True,True,0.0,1842,True,True
TXN,TXN,Texas Instruments,Information Technology,Semiconductors,2019-01-02,2026-05-01,7.326488706365503,1843,1.0,1576079874.21145,924252592.6301022,True,True,True,0.0,1842,True,True
PG,PG,Procter & Gamble,Consumer Staples,Personal Care Products,2019-01-02,2026-05-01,7.326488706365503,1843,1.0,1569353719.812556,1072395526.6370848,True,True,True,0.0,1842,True,True
IBM,IBM,IBM,Information Technology,IT Consulting & Other Services,2019-01-02,2026-05-01,7.326488706365503,1843,1.0,1541532389.5932686,788544095.6949041,True,True,True,0.0,1842,True,True
ABBV,ABBV,AbbVie,Health Care,Biotechnology,2019-01-02,2026-05-01,7.326488706365503,1843,1.0,1507417266.343629,919351651.0571616,True,True,True,0.0,1842,True,True
KLAC,KLAC,KLA Corporation,Information Technology,Semiconductor Materials & Equipment,2019-01-02,2026-05-01,7.326488706365503,1843,1.0,1505404203.079944,547773816.2022557,True,True,True,0.0,1842,True,True
ADBE,ADBE,Adobe Inc.,Information Technology,Application Software,2019-01-02,2026-05-01,7.326488706365503,1843,1.0,1477568022.6145294,1338347112.0531347,True,True,True,0.0,1842,True,True
BA,BA,Boeing,Industrials,Aerospace & Defense,2019-01-02,2026-05-01,7.326488706365503,1843,1.0,1427234492.945901,2217857225.7518597,True,True,True,0.0,1842,True,True
WFC,WFC,Wells Fargo,Financials,Diversified Banks,2019-01-02,2026-05-01,7.326488706365503,1843,1.0,1397691857.3728383,1104481089.3447297,True,True,True,0.0,1842,True,True
ACN,ACN,Accenture,Information Technology,IT Consulting & Other Services,2019-01-02,2026-05-01,7.326488706365503,1843,1.0,1374532869.3998182,714076950.9469043,True,True,True,0.0,1842,True,True
VZ,VZ,Verizon,Communication Services,Integrated Telecommunication Services,2019-01-02,2026-05-01,7.326488706365503,1843,1.0,1358926879.1380394,919546596.7968132,True,True,True,0.0,1842,True,True
HD,HD,Home Depot (The),Consumer Discretionary,Home Improvement Retail,2019-01-02,2026-05-01,7.326488706365503,1843,1.0,1351950297.4531026,1197545577.880481,True,True,True,0.0,1842,True,True
DELL,DELL,Dell Technologies,Information Technology,"Technology Hardware, Storage & Peripherals",2019-01-02,2026-05-01,7.326488706365503,1843,1.0,1311054935.7137702,462588499.36486804,True,True,True,0.0,1842,True,True
ADI,ADI,Analog Devices,Information Technology,Semiconductors,2019-01-02,2026-05-01,7.326488706365503,1843,1.0,1308733332.836206,590507008.5401481,True,True,True,0.0,1842,True,True
TMUS,TMUS,T-Mobile US,Communication Services,Wireless Telecommunication Services,2019-01-02,2026-05-01,7.326488706365503,1843,1.0,1295954745.144909,695777913.0701705,True,True,True,0.0,1842,True,True
KO,KO,Coca-Cola Company (The),Consumer Staples,Soft Drinks & Non-alcoholic Beverages,2019-01-02,2026-05-01,7.326488706365503,1843,1.0,1267718557.2554834,902235367.9265941,True,True,True,0.0,1842,True,True
CIEN,CIEN,Ciena,Information Technology,Communications Equipment,2019-01-02,2026-05-01,7.326488706365503,1843,1.0,1260469317.4016805,165228080.42797592,True,True,True,0.0,1842,True,True
LIN,LIN,Linde plc,Materials,Industrial Gases,2019-01-02,2026-05-01,7.326488706365503,1843,1.0,1241894753.8221498,646548931.8250263,True,True,True,0.0,1842,True,True
MRK,MRK,Merck & Co.,Health Care,Pharmaceuticals,2019-01-02,2026-05-01,7.326488706365503,1843,1.0,1214209114.3324292,977171173.1379497,True,True,True,0.0,1842,True,True
APH,APH,Amphenol,Information Technology,Electronic Components,2019-01-02,2026-05-01,7.326488706365503,1843,1.0,1213241589.9732554,343383986.36639774,True,True,True,0.0,1842,True,True
MS,MS,Morgan Stanley,Financials,Investment Banking & Brokerage,2019-01-02,2026-05-01,7.326488706365503,1843,1.0,1203976865.938441,731981881.0881709,True,True,True,0.0,1842,True,True
CVNA,CVNA,Carvana,Consumer Discretionary,Automotive Retail,2019-01-02,2026-05-01,7.326488706365503,1843,1.0,1192099543.2979045,514274175.1111365,True,True,True,0.0,1842,True,True
ABT,ABT,Abbott Laboratories,Health Care,Health Care Equipment,2019-01-02,2026-05-01,7.326488706365503,1843,1.0,1187748451.8547554,642616809.0749843,True,True,True,0.0,1842,True,True
AXP,AXP,American Express,Financials,Consumer Finance,2019-01-02,2026-05-01,7.326488706365503,1843,1.0,1168800404.2848725,610062792.4096552,True,True,True,0.0,1842,True,True
COP,COP,ConocoPhillips,Energy,Oil & Gas Exploration & Production,2019-01-02,2026-05-01,7.326488706365503,1843,1.0,1160849441.3482966,614299841.4202962,True,True,True,0.0,1842,True,True
BSX,BSX,Boston Scientific,Health Care,Health Care Equipment,2019-01-02,2026-05-01,7.326488706365503,1843,1.0,1124161733.4805834,462322574.13514,True,True,True,0.0,1842,True,True
RTX,RTX,RTX Corporation,Industrials,Aerospace & Defense,2019-01-02,2026-05-01,7.326488706365503,1843,1.0,1121718866.8463137,607474804.146707,True,True,True,0.0,1842,True,True
T,T,AT&T,Communication Services,Integrated Telecommunication Services,2019-01-02,2026-05-01,7.326488706365503,1843,1.0,1117729054.9531927,974784329.4721934,True,True,True,0.0,1842,True,True
TER,TER,Teradyne,Information Technology,Semiconductor Materials & Equipment,2019-01-02,2026-05-01,7.326488706365503,1843,1.0,1106090359.254183,250772999.49738064,True,True,True,0.0,1842,True,True
NEM,NEM,Newmont,Materials,Gold,2019-01-02,2026-05-01,7.326488706365503,1843,1.0,1104990730.4799712,487647981.0801287,True,True,True,0.0,1842,True,True
SPGI,SPGI,S&P Global,Financials,Financial Exchanges & Data,2019-01-02,2026-05-01,7.326488706365503,1843,1.0,1082512923.736711,555637302.2761853,True,True,True,0.0,1842,True,True
SCHW,SCHW,Charles Schwab Corporation,Financials,Investment Banking & Brokerage,2019-01-02,2026-05-01,7.326488706365503,1843,1.0,1072736910.2105026,612443376.6481416,True,True,True,0.0,1842,True,True
FCX,FCX,Freeport-McMoRan,Materials,Copper,2019-01-02,2026-05-01,7.326488706365503,1843,1.0,1072393663.964669,553875044.260299,True,True,True,0.0,1842,True,True
TMO,TMO,Thermo Fisher Scientific,Health Care,Life Sciences Tools & Services,2019-01-02,2026-05-01,7.326488706365503,1843,1.0,1072077917.8222259,795138928.4774411,True,True,True,0.0,1842,True,True
PEP,PEP,PepsiCo,Consumer Staples,Soft Drinks & Non-alcoholic Beverages,2019-01-02,2026-05-01,7.326488706365503,1843,1.0,1067024840.8544085,840441705.4451699,True,True,True,0.0,1842,True,True
BX,BX,Blackstone Inc.,Financials,Asset Management & Custody Banks,2019-01-02,2026-05-01,7.326488706365503,1843,1.0,1066811019.1400274,439910876.081379,True,True,True,0.0,1842,True,True
PFE,PFE,Pfizer,Health Care,Pharmaceuticals,2019-01-02,2026-05-01,7.326488706365503,1843,1.0,1047787821.4287579,1156305943.7955253,True,True,True,0.0,1842,True,True
ANET,ANET,Arista Networks,Information Technology,Communications Equipment,2019-01-02,2026-05-01,7.326488706365503,1843,1.0,1044542888.1482633,459800706.6986351,True,True,True,0.0,1842,True,True
NKE,NKE,"Nike, Inc.",Consumer Discretionary,"Apparel, Accessories & Luxury Goods",2019-01-02,2026-05-01,7.326488706365503,1843,1.0,1037269233.3370937,877656280.1790484,True,True,True,0.0,1842,True,True
MCD,MCD,McDonald's,Consumer Discretionary,Restaurants,2019-01-02,2026-05-01,7.326488706365503,1843,1.0,1031615724.2850459,801981222.7680075,True,True,True,0.0,1842,True,True
DIS,DIS,Walt Disney Company (The),Communication Services,Movies & Entertainment,2019-01-02,2026-05-01,7.326488706365503,1843,1.0,1018982095.6175019,1373416489.131572,True,True,True,0.0,1842,True,True
LMT,LMT,Lockheed Martin,Industrials,Aerospace & Defense,2019-01-02,2026-05-01,7.326488706365503,1843,1.0,963558450.3468547,591870534.3110198,True,True,True,0.0,1842,True,True
COF,COF,Capital One,Financials,Consumer Finance,2019-01-02,2026-05-01,7.326488706365503,1843,1.0,953795492.3999571,423780591.33689094,True,True,True,0.0,1842,True,True
OXY,OXY,Occidental Petroleum,Energy,Oil & Gas Exploration & Production,2019-01-02,2026-05-01,7.326488706365503,1843,1.0,952997210.1353024,669082336.9414115,True,True,True,0.0,1842,True,True
ETN,ETN,Eaton Corporation,Industrials,Electrical Components & Equipment,2019-01-02,2026-05-01,7.326488706365503,1843,1.0,951427780.0935781,443600885.3660732,True,True,True,0.0,1842,True,True
AMGN,AMGN,Amgen,Health Care,Biotechnology,2019-01-02,2026-05-01,7.326488706365503,1843,1.0,948329686.7982631,693026513.9547303,True,True,True,0.0,1842,True,True
SMCI,SMCI,Supermicro,Information Technology,"Technology Hardware, Storage & Peripherals",2019-01-02,2026-05-01,7.326488706365503,1843,1.0,941035648.9003764,1113328257.2338593,True,True,True,0.0,1842,True,True
CMCSA,CMCSA,Comcast,Communication Services,Cable & Satellite,2019-01-02,2026-05-01,7.326488706365503,1843,1.0,923090865.0044434,864315962.3113884,True,True,True,0.0,1842,True,True
GILD,GILD,Gilead Sciences,Health Care,Biotechnology,2019-01-02,2026-05-01,7.326488706365503,1843,1.0,910091522.739806,634407252.6337304,True,True,True,0.0,1842,True,True
ISRG,ISRG,Intuitive Surgical,Health Care,Health Care Equipment,2019-01-02,2026-05-01,7.326488706365503,1843,1.0,903939885.5698018,587073576.095938,True,True,True,0.0,1842,True,True
PYPL,PYPL,PayPal,Financials,Transaction & Payment Processing Services,2019-01-02,2026-05-01,7.326488706365503,1843,1.0,900285775.0076009,1248733076.1452036,True,True,True,0.0,1842,True,True
SLB,SLB,Schlumberger,Energy,Oil & Gas Equipment & Services,2019-01-02,2026-05-01,7.326488706365503,1843,1.0,895871283.1110357,487568752.63563067,True,True,True,0.0,1842,True,True
HON,HON,Honeywell,Industrials,Industrial Conglomerates,2019-01-02,2026-05-01,7.326488706365503,1843,1.0,886572546.1230265,625688581.8732628,True,True,True,0.0,1842,True,True
DE,DE,Deere & Company,Industrials,Agricultural & Farm Machinery,2019-01-02,2026-05-01,7.326488706365503,1843,1.0,886565136.2947215,548381403.3401697,True,True,True,0.0,1842,True,True
SNPS,SNPS,Synopsys,Information Technology,Application Software,2019-01-02,2026-05-01,7.326488706365503,1843,1.0,879378799.5848694,410283012.34456724,True,True,True,0.0,1842,True,True
NEE,NEE,NextEra Energy,Utilities,Multi-Utilities,2019-01-02,2026-05-01,7.326488706365503,1843,1.0,873144424.0911611,662193479.0378441,True,True,True,0.0,1842,True,True
BLK,BLK,BlackRock,Financials,Asset Management & Custody Banks,2019-01-02,2026-05-01,7.326488706365503,1843,1.0,856072143.3921713,508730673.2219906,True,True,True,0.0,1842,True,True
PM,PM,Philip Morris International,Consumer Staples,Tobacco,2019-01-02,2026-05-01,7.326488706365503,1843,1.0,848740234.1623647,555380438.1690298,True,True,True,0.0,1842,True,True
DHR,DHR,Danaher Corporation,Health Care,Life Sciences Tools & Services,2019-01-02,2026-05-01,7.326488706365503,1843,1.0,844895545.7862152,690705112.4453783,True,True,True,0.0,1842,True,True
VLO,VLO,Valero Energy,Energy,Oil & Gas Refining & Marketing,2019-01-02,2026-05-01,7.326488706365503,1843,1.0,817421034.1581324,404638211.5492153,True,True,True,0.0,1842,True,True
UNP,UNP,Union Pacific Corporation,Industrials,Rail Transportation,2019-01-02,2026-05-01,7.326488706365503,1843,1.0,811390037.1092377,641099053.0936681,True,True,True,0.0,1842,True,True
ADP,ADP,Automatic Data Processing,Industrials,Human Resource & Employment Services,2019-01-02,2026-05-01,7.326488706365503,1843,1.0,790088052.0543942,407873130.29359853,True,True,True,0.0,1842,True,True
CDNS,CDNS,Cadence Design Systems,Information Technology,Application Software,2019-01-02,2026-05-01,7.326488706365503,1843,1.0,775900761.8475149,337018393.35030955,True,True,True,0.0,1842,True,True
MDT,MDT,Medtronic,Health Care,Health Care Equipment,2019-01-02,2026-05-01,7.326488706365503,1843,1.0,773063399.2925888,569129307.1246241,True,True,True,0.0,1842,True,True
DAL,DAL,Delta Air Lines,Industrials,Passenger Airlines,2019-01-02,2026-05-01,7.326488706365503,1843,1.0,771929022.8301156,520481468.3230551,True,True,True,0.0,1842,True,True
UAL,UAL,United Airlines Holdings,Industrials,Passenger Airlines,2019-01-02,2026-05-01,7.326488706365503,1843,1.0,759095341.6760881,568032414.0947344,True,True,True,0.0,1842,True,True
SBUX,SBUX,Starbucks,Consumer Discretionary,Restaurants,2019-01-02,2026-05-01,7.326488706365503,1843,1.0,750563791.5535369,770590129.1830381,True,True,True,0.0,1842,True,True
WDAY,WDAY,"Workday, Inc.",Information Technology,Application Software,2019-01-02,2026-05-01,7.326488706365503,1843,1.0,739319788.378308,482643826.58852106,True,True,True,0.0,1842,True,True
BMY,BMY,Bristol Myers Squibb,Health Care,Pharmaceuticals,2019-01-02,2026-05-01,7.326488706365503,1843,1.0,730413884.066306,741361758.0766875,True,True,True,0.0,1842,True,True
RCL,RCL,Royal Caribbean Group,Consumer Discretionary,"Hotels, Resorts & Cruise Lines",2019-01-02,2026-05-01,7.326488706365503,1843,1.0,725726388.1595418,413532126.12960726,True,True,True,0.0,1842,True,True
MCK,MCK,McKesson Corporation,Health Care,Health Care Distributors,2019-01-02,2026-05-01,7.326488706365503,1843,1.0,719127767.252063,367549581.20913804,True,True,True,0.0,1842,True,True
MPWR,MPWR,Monolithic Power Systems,Information Technology,Semiconductors,2019-01-02,2026-05-01,7.326488706365503,1843,1.0,717871697.005188,277791001.66836286,True,True,True,0.0,1842,True,True
VST,VST,Vistra Corp.,Utilities,Electric Utilities,2019-01-02,2026-05-01,7.326488706365503,1843,1.0,716279764.0328217,323909830.18529034,True,True,True,0.0,1842,True,True
KKR,KKR,KKR & Co.,Financials,Asset Management & Custody Banks,2019-01-02,2026-05-01,7.326488706365503,1843,1.0,713101159.7736083,274526131.97372377,True,True,True,0.0,1842,True,True
TJX,TJX,TJX Companies,Consumer Discretionary,Apparel Retail,2019-01-02,2026-05-01,7.326488706365503,1843,1.0,712933909.182603,483171526.61939496,True,True,True,0.0,1842,True,True
F,F,Ford Motor Company,Consumer Discretionary,Automobile Manufacturers,2019-01-02,2026-05-01,7.326488706365503,1843,1.0,710586736.6603866,784129496.661625,True,True,True,0.0,1842,True,True
CCL,CCL,Carnival,Consumer Discretionary,"Hotels, Resorts & Cruise Lines",2019-01-02,2026-05-01,7.326488706365503,1843,1.0,706001717.5823109,572052917.9736108,True,True,True,0.0,1842,True,True
SYK,SYK,Stryker Corporation,Health Care,Health Care Equipment,2019-01-02,2026-05-01,7.326488706365503,1843,1.0,705727465.3054606,381748284.45339954,True,True,True,0.0,1842,True,True
CME,CME,CME Group,Financials,Financial Exchanges & Data,2019-01-02,2026-05-01,7.326488706365503,1843,1.0,705195415.9735855,379237657.99495465,True,True,True,0.0,1842,True,True
SATS,SATS,EchoStar,Communication Services,Wireless Telecommunication Services,2019-01-02,2026-05-01,7.326488706365503,1843,1.0,688572407.0251682,72276750.10690458,True,True,True,0.0,1842,True,True
MCHP,MCHP,Microchip Technology,Information Technology,Semiconductors,2019-01-02,2026-05-01,7.326488706365503,1843,1.0,678146125.6567116,385951555.19251454,True,True,True,0.0,1842,True,True
PH,PH,Parker Hannifin,Industrials,Industrial Machinery & Supplies & Components,2019-01-02,2026-05-01,7.326488706365503,1843,1.0,678030983.3516886,299788296.751303,True,True,True,0.0,1842,True,True
WBD,WBD,Warner Bros. Discovery,Communication Services,Broadcasting,2019-01-02,2026-05-01,7.326488706365503,1843,1.0,677443749.4713277,326568667.5472907,True,True,True,0.0,1842,True,True
TGT,TGT,Target Corporation,Consumer Staples,Consumer Staples Merchandise Retail,2019-01-02,2026-05-01,7.326488706365503,1843,1.0,673214985.8734164,674503605.2518647,True,True,True,0.0,1842,True,True
EOG,EOG,EOG Resources,Energy,Oil & Gas Exploration & Production,2019-01-02,2026-05-01,7.326488706365503,1843,1.0,665505359.7282346,388751043.3318617,True,True,True,0.0,1842,True,True
LOW,LOW,Lowe's,Consumer Discretionary,Home Improvement Retail,2019-01-02,2026-05-01,7.326488706365503,1843,1.0,665217677.4463737,644738866.2134775,True,True,True,0.0,1842,True,True
NXPI,NXPI,NXP Semiconductors,Information Technology,Semiconductors,2019-01-02,2026-05-01,7.326488706365503,1843,1.0,662346884.6666763,477218710.13071924,True,True,True,0.0,1842,True,True
DVN,DVN,Devon Energy,Energy,Oil & Gas Exploration & Production,2019-01-02,2026-05-01,7.326488706365503,1843,1.0,661337870.2674713,362796263.6936292,True,True,True,0.0,1842,True,True
FDX,FDX,FedEx,Industrials,Air Freight & Logistics,2019-01-02,2026-05-01,7.326488706365503,1843,1.0,656685811.1894506,521797483.2607992,True,True,True,0.0,1842,True,True
APO,APO,Apollo Global Management,Financials,Asset Management & Custody Banks,2019-01-02,2026-05-01,7.326488706365503,1843,1.0,641499169.8217351,243253851.21113107,True,True,True,0.0,1842,True,True
ON,ON,ON Semiconductor,Information Technology,Semiconductors,2019-01-02,2026-05-01,7.326488706365503,1843,1.0,640294529.1573588,370715056.8851559,True,True,True,0.0,1842,True,True
UPS,UPS,United Parcel Service,Industrials,Air Freight & Logistics,2019-01-02,2026-05-01,7.326488706365503,1843,1.0,635661092.9605694,566644133.5524005,True,True,True,0.0,1842,True,True
FIX,FIX,Comfort Systems USA,Industrials,Construction & Engineering,2019-01-02,2026-05-01,7.326488706365503,1843,1.0,633998680.1665486,98356972.94279934,True,True,True,0.0,1842,True,True
EQIX,EQIX,Equinix,Real Estate,Data Center REITs,2019-01-02,2026-05-01,7.326488706365503,1843,1.0,632439360.8308594,364163881.2346077,True,True,True,0.0,1842,True,True
WELL,WELL,Welltower,Real Estate,Health Care REITs,2019-01-02,2026-05-01,7.326488706365503,1843,1.0,631611861.2452083,261681348.4308617,True,True,True,0.0,1842,True,True
MCO,MCO,Moody's Corporation,Financials,Financial Exchanges & Data,2019-01-02,2026-05-01,7.326488706365503,1843,1.0,630433446.369021,273660791.75421095,True,True,True,0.0,1842,True,True
PWR,PWR,Quanta Services,Industrials,Construction & Engineering,2019-01-02,2026-05-01,7.326488706365503,1843,1.0,626310672.6595255,193276670.66287804,True,True,True,0.0,1842,True,True
VRTX,VRTX,Vertex Pharmaceuticals,Health Care,Biotechnology,2019-01-02,2026-05-01,7.326488706365503,1843,1.0,622399296.218018,463259529.16349876,True,True,True,0.0,1842,True,True
MO,MO,Altria,Consumer Staples,Tobacco,2019-01-02,2026-05-01,7.326488706365503,1843,1.0,619192788.9382894,446042436.4685196,True,True,True,0.0,1842,True,True
PGR,PGR,Progressive Corporation,Financials,Property & Casualty Insurance,2019-01-02,2026-05-01,7.326488706365503,1843,1.0,598138111.3495789,407723181.6830551,True,True,True,0.0,1842,True,True
ELV,ELV,Elevance Health,Health Care,Managed Health Care,2019-01-02,2026-05-01,7.326488706365503,1843,1.0,597871359.9259562,523048371.8090465,True,True,True,0.0,1842,True,True
MMM,MMM,3M,Industrials,Industrial Conglomerates,2019-01-02,2026-05-01,7.326488706365503,1843,1.0,594448867.236069,503913387.1983178,True,True,True,0.0,1842,True,True
CVS,CVS,CVS Health,Health Care,Health Care Services,2019-01-02,2026-05-01,7.326488706365503,1843,1.0,592947759.6841853,598145104.3042774,True,True,True,0.0,1842,True,True
FANG,FANG,Diamondback Energy,Energy,Oil & Gas Exploration & Production,2019-01-02,2026-05-01,7.326488706365503,1843,1.0,591802876.7418976,277919323.36511964,True,True,True,0.0,1842,True,True
CRH,CRH,CRH plc,Materials,Construction Materials,2019-01-02,2026-05-01,7.326488706365503,1843,1.0,582847693.7534745,191442087.0057388,True,True,True,0.0,1842,True,True
HWM,HWM,Howmet Aerospace,Industrials,Aerospace & Defense,2019-01-02,2026-05-01,7.326488706365503,1843,1.0,582747915.0316824,184078418.62414378,True,True,True,0.0,1842,True,True
BKR,BKR,Baker Hughes,Energy,Oil & Gas Equipment & Services,2019-01-02,2026-05-01,7.326488706365503,1843,1.0,581597900.5554034,232438038.04914254,True,True,True,0.0,1842,True,True
ICE,ICE,Intercontinental Exchange,Financials,Financial Exchanges & Data,2019-01-02,2026-05-01,7.326488706365503,1843,1.0,581296733.3262573,338819021.56045437,True,True,True,0.0,1842,True,True
GM,GM,General Motors,Consumer Discretionary,Automobile Manufacturers,2019-01-02,2026-05-01,7.326488706365503,1843,1.0,578009759.0239013,615852704.6674756,True,True,True,0.0,1842,True,True
TT,TT,Trane Technologies,Industrials,Building Products,2019-01-02,2026-05-01,7.326488706365503,1843,1.0,576534916.6162435,292828799.19234484,True,True,True,0.0,1842,True,True
HLT,HLT,Hilton Worldwide,Consumer Discretionary,"Hotels, Resorts & Cruise Lines",2019-01-02,2026-05-01,7.326488706365503,1843,1.0,575794159.3922994,316309158.2163274,True,True,True,0.0,1842,True,True
AZO,AZO,AutoZone,Consumer Discretionary,Automotive Retail,2019-01-02,2026-05-01,7.326488706365503,1843,1.0,575200056.4488932,369447991.58833283,True,True,True,0.0,1842,True,True
EXPE,EXPE,Expedia Group,Consumer Discretionary,"Hotels, Resorts & Cruise Lines",2019-01-02,2026-05-01,7.326488706365503,1843,1.0,572745350.2578201,343361337.4509725,True,True,True,0.0,1842,True,True
SHW,SHW,Sherwin-Williams,Materials,Specialty Chemicals,2019-01-02,2026-05-01,7.326488706365503,1843,1.0,571436903.8842163,421198783.2723142,True,True,True,0.0,1842,True,True
AMT,AMT,American Tower,Real Estate,Telecom Tower REITs,2019-01-02,2026-05-01,7.326488706365503,1843,1.0,569004796.272114,463455177.2156048,True,True,True,0.0,1842,True,True
NOC,NOC,Northrop Grumman,Industrials,Aerospace & Defense,2019-01-02,2026-05-01,7.326488706365503,1843,1.0,567984507.7201549,379998007.6467578,True,True,True,0.0,1842,True,True
CB,CB,Chubb Limited,Financials,Property & Casualty Insurance,2019-01-02,2026-05-01,7.326488706365503,1843,1.0,565703594.0115204,364669140.4917273,True,True,True,0.0,1842,True,True
MDLZ,MDLZ,Mondelez International,Consumer Staples,Packaged Foods & Meats,2019-01-02,2026-05-01,7.326488706365503,1843,1.0,562259009.4755925,446464873.3281792,True,True,True,0.0,1842,True,True
CMG,CMG,Chipotle Mexican Grill,Consumer Discretionary,Restaurants,2019-01-02,2026-05-01,7.326488706365503,1843,1.0,559934694.4360051,529680056.7324057,True,True,True,0.0,1842,True,True
MAR,MAR,Marriott International,Consumer Discretionary,"Hotels, Resorts & Cruise Lines",2019-01-02,2026-05-01,7.326488706365503,1843,1.0,554219721.8645854,352428089.11872363,True,True,True,0.0,1842,True,True
MPC,MPC,Marathon Petroleum,Energy,Oil & Gas Refining & Marketing,2019-01-02,2026-05-01,7.326488706365503,1843,1.0,551547899.5436155,413667978.9694384,True,True,True,0.0,1842,True,True
HAL,HAL,Halliburton,Energy,Oil & Gas Equipment & Services,2019-01-02,2026-05-01,7.326488706365503,1843,1.0,550023476.5106977,296464480.233868,True,True,True,0.0,1842,True,True
HCA,HCA,HCA Healthcare,Health Care,Health Care Facilities,2019-01-02,2026-05-01,7.326488706365503,1843,1.0,549881591.691632,358446243.39245105,True,True,True,0.0,1842,True,True
CF,CF,CF Industries,Materials,Fertilizers & Agricultural Chemicals,2019-01-02,2026-05-01,7.326488706365503,1843,1.0,549033977.086661,185146355.26769897,True,True,True,0.0,1842,True,True
MRSH,MRSH,Marsh McLennan,Financials,Insurance Brokers,2019-01-02,2026-05-01,7.326488706365503,1843,1.0,548999902.6135122,311113811.4212922,True,True,True,0.0,1842,True,True
LYB,LYB,LyondellBasell,Materials,Specialty Chemicals,2019-01-02,2026-05-01,7.326488706365503,1843,1.0,548386809.8067528,213417510.1996994,True,True,True,0.0,1842,True,True
CL,CL,Colgate-Palmolive,Consumer Staples,Household Products,2019-01-02,2026-05-01,7.326488706365503,1843,1.0,542560096.6527086,365064956.2130468,True,True,True,0.0,1842,True,True
USB,USB,U.S. Bancorp,Financials,Diversified Banks,2019-01-02,2026-05-01,7.326488706365503,1843,1.0,542289502.4154184,391145506.92433745,True,True,True,0.0,1842,True,True
SO,SO,Southern Company,Utilities,Electric Utilities,2019-01-02,2026-05-01,7.326488706365503,1843,1.0,537978221.7375361,330655507.9341722,True,True,True,0.0,1842,True,True
DUK,DUK,Duke Energy,Utilities,Electric Utilities,2019-01-02,2026-05-01,7.326488706365503,1843,1.0,534319315.19900614,327806511.864665,True,True,True,0.0,1842,True,True
PNC,PNC,PNC Financial Services,Financials,Diversified Banks,2019-01-02,2026-05-01,7.326488706365503,1843,1.0,532366199.8195203,345295405.99124825,True,True,True,0.0,1842,True,True
JCI,JCI,Johnson Controls,Industrials,Building Products,2019-01-02,2026-05-01,7.326488706365503,1843,1.0,532357702.1236147,295468624.6266823,True,True,True,0.0,1842,True,True
ORLY,ORLY,O’Reilly Automotive,Consumer Discretionary,Automotive Retail,2019-01-02,2026-05-01,7.326488706365503,1843,1.0,530643829.58793896,355482633.9776755,True,True,True,0.0,1842,True,True
CSX,CSX,CSX Corporation,Industrials,Rail Transportation,2019-01-02,2026-05-01,7.326488706365503,1843,1.0,529181613.11009216,416159256.7314274,True,True,True,0.0,1842,True,True
EQT,EQT,EQT Corporation,Energy,Oil & Gas Exploration & Production,2019-01-02,2026-05-01,7.326488706365503,1843,1.0,528947438.1017568,231177245.69559696,True,True,True,0.0,1842,True,True
PSX,PSX,Phillips 66,Energy,Oil & Gas Refining & Marketing,2019-01-02,2026-05-01,7.326488706365503,1843,1.0,526769011.62027204,319389605.23544014,True,True,True,0.0,1842,True,True
CMI,CMI,Cummins,Industrials,Construction Machinery & Heavy Transportation Equipment,2019-01-02,2026-05-01,7.326488706365503,1843,1.0,525210628.3909963,272155906.3992508,True,True,True,0.0,1842,True,True
FTNT,FTNT,Fortinet,Information Technology,Systems Software,2019-01-02,2026-05-01,7.326488706365503,1843,1.0,520483403.87728447,320995720.3999288,True,True,True,0.0,1842,True,True
ROST,ROST,Ross Stores,Consumer Discretionary,Apparel Retail,2019-01-02,2026-05-01,7.326488706365503,1843,1.0,517579787.304938,296248211.26498765,True,True,True,0.0,1842,True,True
REGN,REGN,Regeneron Pharmaceuticals,Health Care,Biotechnology,2019-01-02,2026-05-01,7.326488706365503,1843,1.0,515464648.22148335,492043194.97572356,True,True,True,0.0,1842,True,True
TEL,TEL,TE Connectivity,Information Technology,Electronic Manufacturing Services,2019-01-02,2026-05-01,7.326488706365503,1843,1.0,512687772.86770123,229070172.66786122,True,True,True,0.0,1842,True,True
ADSK,ADSK,Autodesk,Information Technology,Application Software,2019-01-02,2026-05-01,7.326488706365503,1843,1.0,512026302.0390971,367250331.3852734,True,True,True,0.0,1842,True,True
ROP,ROP,Roper Technologies,Information Technology,Electronic Equipment & Instruments,2019-01-02,2026-05-01,7.326488706365503,1843,1.0,510764034.5366908,257901954.4217006,True,True,True,0.0,1842,True,True
EBAY,EBAY,eBay Inc.,Consumer Discretionary,Broadline Retail,2019-01-02,2026-05-01,7.326488706365503,1843,1.0,507470918.1553884,371700680.24825525,True,True,True,0.0,1842,True,True
AKAM,AKAM,Akamai Technologies,Information Technology,Internet Services & Infrastructure,2019-01-02,2026-05-01,7.326488706365503,1843,1.0,504458434.333728,173889708.6427465,True,True,True,0.0,1842,True,True
KMB,KMB,Kimberly-Clark,Consumer Staples,Household Products,2019-01-02,2026-05-01,7.326488706365503,1843,1.0,502665647.02412695,279685251.77676874,True,True,True,0.0,1842,True,True
AJG,AJG,Arthur J. Gallagher & Co.,Financials,Insurance Brokers,2019-01-02,2026-05-01,7.326488706365503,1843,1.0,500651966.6539301,214524924.96609014,True,True,True,0.0,1842,True,True
WM,WM,Waste Management,Industrials,Environmental & Facilities Services,2019-01-02,2026-05-01,7.326488706365503,1843,1.0,499504508.37193805,282163869.5044097,True,True,True,0.0,1842,True,True
URI,URI,United Rentals,Industrials,Trading Companies & Distributors,2019-01-02,2026-05-01,7.326488706365503,1843,1.0,497044390.4278056,298948917.86716974,True,True,True,0.0,1842,True,True
AON,AON,Aon plc,Financials,Insurance Brokers,2019-01-02,2026-05-01,7.326488706365503,1843,1.0,484269508.8621684,330378327.2540606,True,True,True,0.0,1842,True,True
AXON,AXON,Axon Enterprise,Industrials,Aerospace & Defense,2019-01-02,2026-05-01,7.326488706365503,1843,1.0,482750842.31922406,174398849.38533002,True,True,True,0.0,1842,True,True
WMB,WMB,Williams Companies,Energy,Oil & Gas Storage & Transportation,2019-01-02,2026-05-01,7.326488706365503,1843,1.0,482634867.47182655,269533401.1207464,True,True,True,0.0,1842,True,True
ZTS,ZTS,Zoetis,Health Care,Pharmaceuticals,2019-01-02,2026-05-01,7.326488706365503,1843,1.0,481164239.86591697,363495736.87655973,True,True,True,0.0,1842,True,True
XYZ,XYZ,"Block, Inc.",Financials,Transaction & Payment Processing Services,2019-01-02,2026-05-01,7.326488706365503,1843,1.0,478535946.0995814,1056588040.2493747,True,True,True,0.0,1842,True,True
TTD,TTD,Trade Desk (The),Communication Services,Advertising,2019-01-02,2026-05-01,7.326488706365503,1843,1.0,476896674.40728545,456461180.5062292,True,True,True,0.0,1842,True,True
LHX,LHX,L3Harris,Industrials,Aerospace & Defense,2019-01-02,2026-05-01,7.326488706365503,1843,1.0,476553234.51505786,267006053.7626123,True,True,True,0.0,1842,True,True
LYV,LYV,Live Nation Entertainment,Communication Services,Movies & Entertainment,2019-01-02,2026-05-01,7.326488706365503,1843,1.0,474814257.37025654,213540354.10090825,True,True,True,0.0,1842,True,True
PLD,PLD,Prologis,Real Estate,Industrial REITs,2019-01-02,2026-05-01,7.326488706365503,1843,1.0,474057848.8081192,373767216.7398974,True,True,True,0.0,1842,True,True
BDX,BDX,Becton Dickinson,Health Care,Health Care Equipment,2019-01-02,2026-05-01,7.326488706365503,1843,1.0,472175963.04162216,362882762.7624672,True,True,True,0.0,1842,True,True
GD,GD,General Dynamics,Industrials,Aerospace & Defense,2019-01-02,2026-05-01,7.326488706365503,1843,1.0,467978066.4785889,285457938.7574368,True,True,True,0.0,1842,True,True
CI,CI,Cigna,Health Care,Health Care Services,2019-01-02,2026-05-01,7.326488706365503,1843,1.0,466845889.36176556,466521409.91214633,True,True,True,0.0,1842,True,True
TDG,TDG,TransDigm Group,Industrials,Aerospace & Defense,2019-01-02,2026-05-01,7.326488706365503,1843,1.0,465350634.68645835,250067275.88847554,True,True,True,0.0,1842,True,True
CHTR,CHTR,Charter Communications,Communication Services,Cable & Satellite,2019-01-02,2026-05-01,7.326488706365503,1843,1.0,464950740.4373868,544113097.5476168,True,True,True,0.0,1842,True,True
MSI,MSI,Motorola Solutions,Information Technology,Communications Equipment,2019-01-02,2026-05-01,7.326488706365503,1843,1.0,463965961.3436437,240112542.97916102,True,True,True,0.0,1842,True,True
BK,BK,BNY Mellon,Financials,Asset Management & Custody Banks,2019-01-02,2026-05-01,7.326488706365503,1843,1.0,463211817.1887741,261220158.82150614,True,True,True,0.0,1842,True,True
ARES,ARES,Ares Management,Financials,Asset Management & Custody Banks,2019-01-02,2026-05-01,7.326488706365503,1843,1.0,460082773.3136922,123380731.40751795,True,True,True,0.0,1842,True,True
NCLH,NCLH,Norwegian Cruise Line Holdings,Consumer Discretionary,"Hotels, Resorts & Cruise Lines",2019-01-02,2026-05-01,7.326488706365503,1843,1.0,456634956.0457261,332151712.8478467,True,True,True,0.0,1842,True,True
FSLR,FSLR,First Solar,Information Technology,Semiconductors,2019-01-02,2026-05-01,7.326488706365503,1843,1.0,456501023.9204132,316875970.018405,True,True,True,0.0,1842,True,True
COR,COR,Cencora,Health Care,Health Care Distributors,2019-01-02,2026-05-01,7.326488706365503,1843,1.0,453952296.71224976,232911191.50826356,True,True,True,0.0,1842,True,True
TRV,TRV,Travelers Companies (The),Financials,Property & Casualty Insurance,2019-01-02,2026-05-01,7.326488706365503,1843,1.0,449836769.35027516,250727990.61041996,True,True,True,0.0,1842,True,True
FITB,FITB,Fifth Third Bancorp,Financials,Regional Banks,2019-01-02,2026-05-01,7.326488706365503,1843,1.0,449773570.0247631,203850300.48786354,True,True,True,0.0,1842,True,True
ODFL,ODFL,Old Dominion,Industrials,Cargo Ground Transportation,2019-01-02,2026-05-01,7.326488706365503,1843,1.0,447558218.3097819,230545678.90848535,True,True,True,0.0,1842,True,True
EMR,EMR,Emerson Electric,Industrials,Electrical Components & Equipment,2019-01-02,2026-05-01,7.326488706365503,1843,1.0,446888479.9396393,282306132.06668365,True,True,True,0.0,1842,True,True
TFC,TFC,Truist Financial,Financials,Diversified Banks,2019-01-02,2026-05-01,7.326488706365503,1843,1.0,445320917.1703304,324842818.271539,True,True,True,0.0,1842,True,True
EA,EA,Electronic Arts,Communication Services,Interactive Home Entertainment,2019-01-02,2026-05-01,7.326488706365503,1843,1.0,442252546.99236244,360533012.94126534,True,True,True,0.0,1842,True,True
KR,KR,Kroger,Consumer Staples,Food Retail,2019-01-02,2026-05-01,7.326488706365503,1843,1.0,440369792.1445658,314444757.8020299,True,True,True,0.0,1842,True,True
NRG,NRG,NRG Energy,Utilities,Independent Power Producers & Energy Traders,2019-01-02,2026-05-01,7.326488706365503,1843,1.0,437597757.0960439,182784260.15058285,True,True,True,0.0,1842,True,True
CTSH,CTSH,Cognizant,Information Technology,IT Consulting & Other Services,2019-01-02,2026-05-01,7.326488706365503,1843,1.0,432817519.4254183,261968798.96869257,True,True,True,0.0,1842,True,True
KEYS,KEYS,Keysight Technologies,Information Technology,Electronic Equipment & Instruments,2019-01-02,2026-05-01,7.326488706365503,1843,1.0,431325469.3028249,178650544.79082036,True,True,True,0.0,1842,True,True
HBAN,HBAN,Huntington Bancshares,Financials,Regional Banks,2019-01-02,2026-05-01,7.326488706365503,1843,1.0,430976403.22574687,228414687.3584007,True,True,True,0.0,1842,True,True
HSY,HSY,Hershey Company (The),Consumer Staples,Packaged Foods & Meats,2019-01-02,2026-05-01,7.326488706365503,1843,1.0,430855775.73727494,234868309.25967845,True,True,True,0.0,1842,True,True
MNST,MNST,Monster Beverage,Consumer Staples,Soft Drinks & Non-alcoholic Beverages,2019-01-02,2026-05-01,7.326488706365503,1843,1.0,429753470.2789917,262482609.5657199,True,True,True,0.0,1842,True,True
KMI,KMI,Kinder Morgan,Energy,Oil & Gas Storage & Transportation,2019-01-02,2026-05-01,7.326488706365503,1843,1.0,429439976.740866,288108293.7262366,True,True,True,0.0,1842,True,True
LULU,LULU,Lululemon Athletica,Consumer Discretionary,"Apparel, Accessories & Luxury Goods",2019-01-02,2026-05-01,7.326488706365503,1843,1.0,429088401.3831922,562817923.6748676,True,True,True,0.0,1842,True,True
AEP,AEP,American Electric Power,Utilities,Electric Utilities,2019-01-02,2026-05-01,7.326488706365503,1843,1.0,427632489.3708547,280329995.71093404,True,True,True,0.0,1842,True,True
OKE,OKE,Oneok,Energy,Oil & Gas Storage & Transportation,2019-01-02,2026-05-01,7.326488706365503,1843,1.0,427497156.64017385,213264360.43359905,True,True,True,0.0,1842,True,True
EXC,EXC,Exelon,Utilities,Electric Utilities,2019-01-02,2026-05-01,7.326488706365503,1843,1.0,424723563.19548905,282097441.38839984,True,True,True,0.0,1842,True,True
EW,EW,Edwards Lifesciences,Health Care,Health Care Equipment,2019-01-02,2026-05-01,7.326488706365503,1843,1.0,420654131.2899869,292522610.769493,True,True,True,0.0,1842,True,True
EL,EL,Estée Lauder Companies (The),Consumer Staples,Personal Care Products,2019-01-02,2026-05-01,7.326488706365503,1843,1.0,420169084.9868726,358189369.7174381,True,True,True,0.0,1842,True,True
VRSK,VRSK,Verisk Analytics,Industrials,Research & Consulting Services,2019-01-02,2026-05-01,7.326488706365503,1843,1.0,419080803.0225853,195148000.26200852,True,True,True,0.0,1842,True,True
CASY,CASY,Casey's,Consumer Staples,Food Retail,2019-01-02,2026-05-01,7.326488706365503,1843,1.0,418927666.247465,86293157.63126262,True,True,True,0.0,1842,True,True
FICO,FICO,Fair Isaac,Information Technology,Application Software,2019-01-02,2026-05-01,7.326488706365503,1843,1.0,414631816.1997396,193866245.39735368,True,True,True,0.0,1842,True,True
ECL,ECL,Ecolab,Materials,Specialty Chemicals,2019-01-02,2026-05-01,7.326488706365503,1843,1.0,412466502.4290426,267398881.41268438,True,True,True,0.0,1842,True,True
CTAS,CTAS,Cintas,Industrials,Diversified Support Services,2019-01-02,2026-05-01,7.326488706365503,1843,1.0,409397070.7300415,218483497.03891847,True,True,True,0.0,1842,True,True
TTWO,TTWO,Take-Two Interactive,Communication Services,Interactive Home Entertainment,2019-01-02,2026-05-01,7.326488706365503,1843,1.0,408932172.8621704,276327770.8278092,True,True,True,0.0,1842,True,True
HPE,HPE,Hewlett Packard Enterprise,Information Technology,"Technology Hardware, Storage & Peripherals",2019-01-02,2026-05-01,7.326488706365503,1843,1.0,408756147.7572539,228343344.47053856,True,True,True,0.0,1842,True,True
DHI,DHI,D. R. Horton,Consumer Discretionary,Homebuilding,2019-01-02,2026-05-01,7.326488706365503,1843,1.0,405953395.2432912,322058539.6829603,True,True,True,0.0,1842,True,True
DG,DG,Dollar General,Consumer Staples,Consumer Staples Merchandise Retail,2019-01-02,2026-05-01,7.326488706365503,1843,1.0,404716662.5151329,385680122.3082785,True,True,True,0.0,1842,True,True
NSC,NSC,Norfolk Southern,Industrials,Rail Transportation,2019-01-02,2026-05-01,7.326488706365503,1843,1.0,403771466.4043366,323134677.2090093,True,True,True,0.0,1842,True,True
OMC,OMC,Omnicom Group,Communication Services,Advertising,2019-01-02,2026-05-01,7.326488706365503,1843,1.0,403545437.1377045,171253416.87296978,True,True,True,0.0,1842,True,True
ULTA,ULTA,Ulta Beauty,Consumer Discretionary,Other Specialty Retail,2019-01-02,2026-05-01,7.326488706365503,1843,1.0,398773208.6452484,325991410.28279364,True,True,True,0.0,1842,True,True
LUV,LUV,Southwest Airlines,Industrials,Passenger Airlines,2019-01-02,2026-05-01,7.326488706365503,1843,1.0,398370953.7419561,317955008.35751235,True,True,True,0.0,1842,True,True
PCG,PCG,PG&E Corporation,Utilities,Multi-Utilities,2019-01-02,2026-05-01,7.326488706365503,1843,1.0,394446552.93171895,249731558.03947663,True,True,True,0.0,1842,True,True
MRNA,MRNA,Moderna,Health Care,Biotechnology,2019-01-02,2026-05-01,7.326488706365503,1843,1.0,393580729.7531528,1001415841.430432,True,True,True,0.0,1842,True,True
WAT,WAT,Waters Corporation,Health Care,Life Sciences Tools & Services,2019-01-02,2026-05-01,7.326488706365503,1843,1.0,388976623.7684499,148354292.1888102,True,True,True,0.0,1842,True,True
DPZ,DPZ,Domino's,Consumer Discretionary,Restaurants,2019-01-02,2026-05-01,7.326488706365503,1843,1.0,388770887.8490458,256283998.22348455,True,True,True,0.0,1842,True,True
ALB,ALB,Albemarle Corporation,Materials,Specialty Chemicals,2019-01-02,2026-05-01,7.326488706365503,1843,1.0,386576388.12745565,267731648.20553434,True,True,True,0.0,1842,True,True
O,O,Realty Income,Real Estate,Retail REITs,2019-01-02,2026-05-01,7.326488706365503,1843,1.0,386206928.47477263,254781917.95828798,True,True,True,0.0,1842,True,True
CHRW,CHRW,C.H. Robinson,Industrials,Air Freight & Logistics,2019-01-02,2026-05-01,7.326488706365503,1843,1.0,384266490.31493735,139883723.17059234,True,True,True,0.0,1842,True,True
ROK,ROK,Rockwell Automation,Industrials,Electrical Components & Equipment,2019-01-02,2026-05-01,7.326488706365503,1843,1.0,383344928.5040853,216737638.7460902,True,True,True,0.0,1842,True,True
DLR,DLR,Digital Realty,Real Estate,Data Center REITs,2019-01-02,2026-05-01,7.326488706365503,1843,1.0,382359967.6112101,259475716.54255906,True,True,True,0.0,1842,True,True
APD,APD,Air Products,Materials,Industrial Gases,2019-01-02,2026-05-01,7.326488706365503,1843,1.0,379172529.1286926,314167337.6399129,True,True,True,0.0,1842,True,True
SYY,SYY,Sysco,Consumer Staples,Food Distributors,2019-01-02,2026-05-01,7.326488706365503,1843,1.0,377975641.54581296,216761206.85210025,True,True,True,0.0,1842,True,True
PAYX,PAYX,Paychex,Industrials,Human Resource & Employment Services,2019-01-02,2026-05-01,7.326488706365503,1843,1.0,375845948.15586597,218109076.3292764,True,True,True,0.0,1842,True,True
XEL,XEL,Xcel Energy,Utilities,Multi-Utilities,2019-01-02,2026-05-01,7.326488706365503,1843,1.0,373010066.96428937,232242829.6435248,True,True,True,0.0,1842,True,True
ITW,ITW,Illinois Tool Works,Industrials,Industrial Machinery & Supplies & Components,2019-01-02,2026-05-01,7.326488706365503,1843,1.0,372320285.9333801,244272120.96292678,True,True,True,0.0,1842,True,True
VMC,VMC,Vulcan Materials Company,Materials,Construction Materials,2019-01-02,2026-05-01,7.326488706365503,1843,1.0,372316854.07693225,177197108.2722118,True,True,True,0.0,1842,True,True
CAH,CAH,Cardinal Health,Health Care,Health Care Distributors,2019-01-02,2026-05-01,7.326488706365503,1843,1.0,370218258.85269904,205148842.25357997,True,True,True,0.0,1842,True,True
HUM,HUM,Humana,Health Care,Managed Health Care,2019-01-02,2026-05-01,7.326488706365503,1843,1.0,366960317.3112157,449984663.53855616,True,True,True,0.0,1842,True,True
PCAR,PCAR,Paccar,Industrials,Construction Machinery & Heavy Transportation Equipment,2019-01-02,2026-05-01,7.326488706365503,1843,1.0,364863792.3971912,205674230.72277823,True,True,True,0.0,1842,True,True
KHC,KHC,Kraft Heinz,Consumer Staples,Packaged Foods & Meats,2019-01-02,2026-05-01,7.326488706365503,1843,1.0,355825610.236356,282747626.41004324,True,True,True,0.0,1842,True,True
CBRE,CBRE,CBRE Group,Real Estate,Real Estate Services,2019-01-02,2026-05-01,7.326488706365503,1843,1.0,355544635.1125516,151055746.2692342,True,True,True,0.0,1842,True,True
MSCI,MSCI,MSCI Inc.,Financials,Financial Exchanges & Data,2019-01-02,2026-05-01,7.326488706365503,1843,1.0,355268763.62491864,231671846.1677643,True,True,True,0.0,1842,True,True
PSA,PSA,Public Storage,Real Estate,Self-Storage REITs,2019-01-02,2026-05-01,7.326488706365503,1843,1.0,355255506.8474223,234537750.54930696,True,True,True,0.0,1842,True,True
HPQ,HPQ,HP Inc.,Information Technology,"Technology Hardware, Storage & Peripherals",2019-01-02,2026-05-01,7.326488706365503,1843,1.0,355059599.49995095,267902840.68655166,True,True,True,0.0,1842,True,True
RF,RF,Regions Financial Corporation,Financials,Regional Banks,2019-01-02,2026-05-01,7.326488706365503,1843,1.0,354615001.65868163,200563391.0649568,True,True,True,0.0,1842,True,True
IQV,IQV,IQVIA,Health Care,Life Sciences Tools & Services,2019-01-02,2026-05-01,7.326488706365503,1843,1.0,353706145.0942764,237267039.04192308,True,True,True,0.0,1842,True,True
FAST,FAST,Fastenal,Industrials,Trading Companies & Distributors,2019-01-02,2026-05-01,7.326488706365503,1843,1.0,351608208.51200116,199546650.34788176,True,True,True,0.0,1842,True,True
DLTR,DLTR,Dollar Tree,Consumer Staples,Consumer Staples Merchandise Retail,2019-01-02,2026-05-01,7.326488706365503,1843,1.0,350283803.20821434,309303824.3001624,True,True,True,0.0,1842,True,True
GIS,GIS,General Mills,Consumer Staples,Packaged Foods & Meats,2019-01-02,2026-05-01,7.326488706365503,1843,1.0,346220568.02647537,262450445.44319186,True,True,True,0.0,1842,True,True
TRGP,TRGP,Targa Resources,Energy,Oil & Gas Storage & Transportation,2019-01-02,2026-05-01,7.326488706365503,1843,1.0,344989321.96698964,152350580.20906398,True,True,True,0.0,1842,True,True
PPL,PPL,PPL Corporation,Utilities,Electric Utilities,2019-01-02,2026-05-01,7.326488706365503,1843,1.0,341484781.04712176,161268765.85308722,True,True,True,0.0,1842,True,True
NDAQ,NDAQ,"Nasdaq, Inc.",Financials,Financial Exchanges & Data,2019-01-02,2026-05-01,7.326488706365503,1843,1.0,341141105.4220708,161546909.2659387,True,True,True,0.0,1842,True,True
MLM,MLM,Martin Marietta Materials,Materials,Construction Materials,2019-01-02,2026-05-01,7.326488706365503,1843,1.0,339334894.93627626,181280882.75353986,True,True,True,0.0,1842,True,True
IBKR,IBKR,Interactive Brokers,Financials,Investment Banking & Brokerage,2019-01-02,2026-05-01,7.326488706365503,1843,1.0,336910622.37346154,118822485.21014616,True,True,True,0.0,1842,True,True
IR,IR,Ingersoll Rand,Industrials,Industrial Machinery & Supplies & Components,2019-01-02,2026-05-01,7.326488706365503,1843,1.0,332529610.07055765,154054327.01134866,True,True,True,0.0,1842,True,True
AMP,AMP,Ameriprise Financial,Financials,Asset Management & Custody Banks,2019-01-02,2026-05-01,7.326488706365503,1843,1.0,330946203.52153724,182754445.03376132,True,True,True,0.0,1842,True,True
SRE,SRE,Sempra,Utilities,Multi-Utilities,2019-01-02,2026-05-01,7.326488706365503,1843,1.0,329868337.616802,235832641.70237985,True,True,True,0.0,1842,True,True
EFX,EFX,Equifax,Industrials,Research & Consulting Services,2019-01-02,2026-05-01,7.326488706365503,1843,1.0,326559777.3337392,189796248.66032994,True,True,True,0.0,1842,True,True
CPRT,CPRT,Copart,Industrials,Diversified Support Services,2019-01-02,2026-05-01,7.326488706365503,1843,1.0,323238454.50376254,185463728.35729203,True,True,True,0.0,1842,True,True
AIG,AIG,American International Group,Financials,Multi-line Insurance,2019-01-02,2026-05-01,7.326488706365503,1843,1.0,322675237.1239569,267913850.6179857,True,True,True,0.0,1842,True,True
RSG,RSG,Republic Services,Industrials,Environmental & Facilities Services,2019-01-02,2026-05-01,7.326488706365503,1843,1.0,321664776.0232231,175890601.50990167,True,True,True,0.0,1842,True,True
STZ,STZ,Constellation Brands,Consumer Staples,Distillers & Vintners,2019-01-02,2026-05-01,7.326488706365503,1843,1.0,319950030.1408641,291524861.4292304,True,True,True,0.0,1842,True,True
KEY,KEY,KeyCorp,Financials,Regional Banks,2019-01-02,2026-05-01,7.326488706365503,1843,1.0,319211112.5685287,212697054.64570403,True,True,True,0.0,1842,True,True
TSCO,TSCO,Tractor Supply,Consumer Discretionary,Other Specialty Retail,2019-01-02,2026-05-01,7.326488706365503,1843,1.0,316479165.59033173,226456269.17199397,True,True,True,0.0,1842,True,True
JBL,JBL,Jabil,Information Technology,Electronic Manufacturing Services,2019-01-02,2026-05-01,7.326488706365503,1843,1.0,316094437.3233012,122243731.70304108,True,True,True,0.0,1842,True,True
KDP,KDP,Keurig Dr Pepper,Consumer Staples,Soft Drinks & Non-alcoholic Beverages,2019-01-02,2026-05-01,7.326488706365503,1843,1.0,311499794.9495743,247691622.1839952,True,True,True,0.0,1842,True,True
ETR,ETR,Entergy,Utilities,Electric Utilities,2019-01-02,2026-05-01,7.326488706365503,1843,1.0,311118372.7118289,174347669.892769,True,True,True,0.0,1842,True,True
ALL,ALL,Allstate,Financials,Property & Casualty Insurance,2019-01-02,2026-05-01,7.326488706365503,1843,1.0,310801645.96279985,240235241.9750024,True,True,True,0.0,1842,True,True
D,D,Dominion Energy,Utilities,Multi-Utilities,2019-01-02,2026-05-01,7.326488706365503,1843,1.0,310293763.9407748,282892107.914007,True,True,True,0.0,1842,True,True
IDXX,IDXX,Idexx Laboratories,Health Care,Health Care Equipment,2019-01-02,2026-05-01,7.326488706365503,1843,1.0,308843804.93700564,227516219.87237373,True,True,True,0.0,1842,True,True
CFG,CFG,Citizens Financial Group,Financials,Regional Banks,2019-01-02,2026-05-01,7.326488706365503,1843,1.0,307685489.88149035,194407182.44625723,True,True,True,0.0,1842,True,True
SPG,SPG,Simon Property Group,Real Estate,Retail REITs,2019-01-02,2026-05-01,7.326488706365503,1843,1.0,305838896.89695966,276559153.25935185,True,True,True,0.0,1842,True,True
TPR,TPR,"Tapestry, Inc.",Consumer Discretionary,"Apparel, Accessories & Luxury Goods",2019-01-02,2026-05-01,7.326488706365503,1843,1.0,303376663.8643982,177074163.89674643,True,True,True,0.0,1842,True,True
VTR,VTR,Ventas,Real Estate,Health Care REITs,2019-01-02,2026-05-01,7.326488706365503,1843,1.0,302185563.2679209,141484731.7854145,True,True,True,0.0,1842,True,True
APA,APA,APA Corporation,Energy,Oil & Gas Exploration & Production,2019-01-02,2026-05-01,7.326488706365503,1843,1.0,300237486.73324233,195745498.4676483,True,True,True,0.0,1842,True,True
SYF,SYF,Synchrony Financial,Financials,Consumer Finance,2019-01-02,2026-05-01,7.326488706365503,1843,1.0,296623342.10296375,208355617.1534887,True,True,True,0.0,1842,True,True
EME,EME,Emcor,Industrials,Construction & Engineering,2019-01-02,2026-05-01,7.326488706365503,1843,1.0,295905067.9046824,95964175.44800836,True,True,True,0.0,1842,True,True
CTRA,CTRA,Coterra,Energy,Oil & Gas Exploration & Production,2019-01-02,2026-05-01,7.326488706365503,1843,1.0,294334728.80593735,181799744.15099317,True,True,True,0.0,1842,True,True
DXCM,DXCM,Dexcom,Health Care,Health Care Equipment,2019-01-02,2026-05-01,7.326488706365503,1843,1.0,292247652.9033414,327805634.0807236,True,True,True,0.0,1842,True,True
AME,AME,Ametek,Industrials,Electrical Components & Equipment,2019-01-02,2026-05-01,7.326488706365503,1843,1.0,290539075.82198054,158976318.7162668,True,True,True,0.0,1842,True,True
CCI,CCI,Crown Castle,Real Estate,Telecom Tower REITs,2019-01-02,2026-05-01,7.326488706365503,1843,1.0,288740496.5769468,303884948.1468251,True,True,True,0.0,1842,True,True
NUE,NUE,Nucor,Materials,Steel,2019-01-02,2026-05-01,7.326488706365503,1843,1.0,288606673.75358075,239559107.68371603,True,True,True,0.0,1842,True,True
GWW,GWW,W. W. Grainger,Industrials,Industrial Machinery & Supplies & Components,2019-01-02,2026-05-01,7.326488706365503,1843,1.0,285071273.2798869,180472218.36130854,True,True,True,0.0,1842,True,True
BBY,BBY,Best Buy,Consumer Discretionary,Computer & Electronics Retail,2019-01-02,2026-05-01,7.326488706365503,1843,1.0,283927224.5593867,247778758.13947946,True,True,True,0.0,1842,True,True
FIS,FIS,Fidelity National Information Services,Financials,Transaction & Payment Processing Services,2019-01-02,2026-05-01,7.326488706365503,1843,1.0,282959368.46239567,377132711.6501042,True,True,True,0.0,1842,True,True
LEN,LEN,Lennar,Consumer Discretionary,Homebuilding,2019-01-02,2026-05-01,7.326488706365503,1843,1.0,282698097.80281323,273694143.19693315,True,True,True,0.0,1842,True,True
MET,MET,MetLife,Financials,Life & Health Insurance,2019-01-02,2026-05-01,7.326488706365503,1843,1.0,282263490.401741,269891514.07137114,True,True,True,0.0,1842,True,True
XYL,XYL,Xylem Inc.,Industrials,Industrial Machinery & Supplies & Components,2019-01-02,2026-05-01,7.326488706365503,1843,1.0,281619622.8269109,130809478.74847174,True,True,True,0.0,1842,True,True
STT,STT,State Street Corporation,Financials,Asset Management & Custody Banks,2019-01-02,2026-05-01,7.326488706365503,1843,1.0,279982244.9408061,192533033.42213407,True,True,True,0.0,1842,True,True
CSGP,CSGP,CoStar Group,Real Estate,Real Estate Services,2019-01-02,2026-05-01,7.326488706365503,1843,1.0,278088998.86149144,194583538.07970545,True,True,True,0.0,1842,True,True
DRI,DRI,Darden Restaurants,Consumer Discretionary,Restaurants,2019-01-02,2026-05-01,7.326488706365503,1843,1.0,275950771.0317301,201254306.1485595,True,True,True,0.0,1842,True,True
YUM,YUM,Yum! Brands,Consumer Discretionary,Restaurants,2019-01-02,2026-05-01,7.326488706365503,1843,1.0,273186060.052592,223001116.9173613,True,True,True,0.0,1842,True,True
HUBB,HUBB,Hubbell Incorporated,Industrials,Industrial Machinery & Supplies & Components,2019-01-02,2026-05-01,7.326488706365503,1843,1.0,272504950.43834585,115330250.1103543,True,True,True,0.0,1842,True,True
SW,SW,Smurfit Westrock,Materials,Paper & Plastic Packaging Products & Materials,2019-01-02,2026-05-01,7.326488706365503,1843,1.0,269535598.9786727,53334445.884542756,True,True,True,0.0,1842,True,True
BR,BR,Broadridge Financial Solutions,Industrials,Data Processing & Outsourced Services,2019-01-02,2026-05-01,7.326488706365503,1843,1.0,269161584.46543884,104230824.48077577,True,True,True,0.0,1842,True,True
IP,IP,International Paper,Materials,Paper & Plastic Packaging Products & Materials,2019-01-02,2026-05-01,7.326488706365503,1843,1.0,266144036.14475238,170560620.57383248,True,True,True,0.0,1842,True,True
CNC,CNC,Centene Corporation,Health Care,Managed Health Care,2019-01-02,2026-05-01,7.326488706365503,1843,1.0,263754045.26007938,285122343.0877932,True,True,True,0.0,1842,True,True
A,A,Agilent Technologies,Health Care,Life Sciences Tools & Services,2019-01-02,2026-05-01,7.326488706365503,1843,1.0,262015106.61302885,215897372.4463747,True,True,True,0.0,1842,True,True
AFL,AFL,Aflac,Financials,Life & Health Insurance,2019-01-02,2026-05-01,7.326488706365503,1843,1.0,261065479.80638123,186565584.8263508,True,True,True,0.0,1842,True,True
TPL,TPL,Texas Pacific Land Corporation,Energy,Oil & Gas Exploration & Production,2019-01-02,2026-05-01,7.326488706365503,1843,1.0,259481681.20719758,77512941.92504671,True,True,True,0.0,1842,True,True
GPN,GPN,Global Payments,Financials,Transaction & Payment Processing Services,2019-01-02,2026-05-01,7.326488706365503,1843,1.0,258264441.4247271,270516420.5633432,True,True,True,0.0,1842,True,True
ADM,ADM,Archer Daniels Midland,Consumer Staples,Agricultural Products & Services,2019-01-02,2026-05-01,7.326488706365503,1843,1.0,258171938.0698714,198289867.42319366,True,True,True,0.0,1842,True,True
RMD,RMD,ResMed,Health Care,Health Care Equipment,2019-01-02,2026-05-01,7.326488706365503,1843,1.0,257478646.5732422,160683645.1337113,True,True,True,0.0,1842,True,True
DOV,DOV,Dover Corporation,Industrials,Industrial Machinery & Supplies & Components,2019-01-02,2026-05-01,7.326488706365503,1843,1.0,255957125.24022675,134943625.2862717,True,True,True,0.0,1842,True,True
AWK,AWK,American Water Works,Utilities,Water Utilities,2019-01-02,2026-05-01,7.326488706365503,1843,1.0,255686839.1844921,149698537.61022004,True,True,True,0.0,1842,True,True
CBOE,CBOE,Cboe Global Markets,Financials,Financial Exchanges & Data,2019-01-02,2026-05-01,7.326488706365503,1843,1.0,254292485.10330403,115102826.00683093,True,True,True,0.0,1842,True,True
WAB,WAB,Wabtec,Industrials,Construction Machinery & Heavy Transportation Equipment,2019-01-02,2026-05-01,7.326488706365503,1843,1.0,253772192.27811685,130772990.20787637,True,True,True,0.0,1842,True,True
MTB,MTB,M&T Bank,Financials,Regional Banks,2019-01-02,2026-05-01,7.326488706365503,1843,1.0,251450484.81299362,169553113.1607835,True,True,True,0.0,1842,True,True
VICI,VICI,Vici Properties,Real Estate,Hotel & Resort REITs,2019-01-02,2026-05-01,7.326488706365503,1843,1.0,250061991.31368604,181571364.42957276,True,True,True,0.0,1842,True,True
MOS,MOS,Mosaic Company (The),Materials,Fertilizers & Agricultural Chemicals,2019-01-02,2026-05-01,7.326488706365503,1843,1.0,247521202.44019088,172048288.2044919,True,True,True,0.0,1842,True,True
TKO,TKO,TKO Group Holdings,Communication Services,Movies & Entertainment,2019-01-02,2026-05-01,7.326488706365503,1843,1.0,247110161.80778655,98618882.87951691,True,True,True,0.0,1842,True,True
CLX,CLX,Clorox,Consumer Staples,Household Products,2019-01-02,2026-05-01,7.326488706365503,1843,1.0,246729549.33145905,222393334.90695295,True,True,True,0.0,1842,True,True
SBAC,SBAC,SBA Communications,Real Estate,Telecom Tower REITs,2019-01-02,2026-05-01,7.326488706365503,1843,1.0,246340736.81872687,193840562.32284674,True,True,True,0.0,1842,True,True
LII,LII,Lennox International,Industrials,Building Products,2019-01-02,2026-05-01,7.326488706365503,1843,1.0,243785565.10220337,122860973.55988641,True,True,True,0.0,1842,True,True
WST,WST,West Pharmaceutical Services,Health Care,Health Care Supplies,2019-01-02,2026-05-01,7.326488706365503,1843,1.0,243477753.19078472,146983049.59551233,True,True,True,0.0,1842,True,True
IT,IT,Gartner,Information Technology,IT Consulting & Other Services,2019-01-02,2026-05-01,7.326488706365503,1843,1.0,241536351.41031292,159817343.68758696,True,True,True,0.0,1842,True,True
CAG,CAG,Conagra Brands,Consumer Staples,Packaged Foods & Meats,2019-01-02,2026-05-01,7.326488706365503,1843,1.0,241100502.03392315,148027577.14223877,True,True,True,0.0,1842,True,True
AMCR,AMCR,Amcor,Materials,Paper & Plastic Packaging Products & Materials,2019-01-02,2026-05-01,7.326488706365503,1843,1.0,241011282.81726685,109422796.25156423,True,True,True,0.0,1842,True,True
PPG,PPG,PPG Industries,Materials,Specialty Chemicals,2019-01-02,2026-05-01,7.326488706365503,1843,1.0,239647253.0668424,195312230.52950212,True,True,True,0.0,1842,True,True
ED,ED,Consolidated Edison,Utilities,Multi-Utilities,2019-01-02,2026-05-01,7.326488706365503,1843,1.0,236687739.3840763,186219037.16835722,True,True,True,0.0,1842,True,True
GNRC,GNRC,Generac,Industrials,Electrical Components & Equipment,2019-01-02,2026-05-01,7.326488706365503,1843,1.0,234408941.9344106,165789136.68004656,True,True,True,0.0,1842,True,True
STLD,STLD,Steel Dynamics,Materials,Steel,2019-01-02,2026-05-01,7.326488706365503,1843,1.0,234148677.66444805,142021687.47558343,True,True,True,0.0,1842,True,True
WEC,WEC,WEC Energy Group,Utilities,Electric Utilities,2019-01-02,2026-05-01,7.326488706365503,1843,1.0,233824710.7170021,158047473.60272148,True,True,True,0.0,1842,True,True
EIX,EIX,Edison International,Utilities,Electric Utilities,2019-01-02,2026-05-01,7.326488706365503,1843,1.0,233327915.7412496,153383349.94124696,True,True,True,0.0,1842,True,True
WTW,WTW,Willis Towers Watson,Financials,Insurance Brokers,2019-01-02,2026-05-01,7.326488706365503,1843,1.0,232336366.20794678,180596812.14178142,True,True,True,0.0,1842,True,True
CMS,CMS,CMS Energy,Utilities,Multi-Utilities,2019-01-02,2026-05-01,7.326488706365503,1843,1.0,232071571.93373287,135729260.69903275,True,True,True,0.0,1842,True,True
PHM,PHM,PulteGroup,Consumer Discretionary,Homebuilding,2019-01-02,2026-05-01,7.326488706365503,1843,1.0,231935161.68927765,168069352.72135428,True,True,True,0.0,1842,True,True
MKC,MKC,McCormick & Company,Consumer Staples,Packaged Foods & Meats,2019-01-02,2026-05-01,7.326488706365503,1843,1.0,231784272.4140266,137513005.6827031,True,True,True,0.0,1842,True,True
PODD,PODD,Insulet Corporation,Health Care,Health Care Equipment,2019-01-02,2026-05-01,7.326488706365503,1843,1.0,231656468.9045156,150220556.7180373,True,True,True,0.0,1842,True,True
FE,FE,FirstEnergy,Utilities,Electric Utilities,2019-01-02,2026-05-01,7.326488706365503,1843,1.0,231650066.2288157,165686607.15541643,True,True,True,0.0,1842,True,True
PRU,PRU,Prudential Financial,Financials,Life & Health Insurance,2019-01-02,2026-05-01,7.326488706365503,1843,1.0,230908296.94735298,188782238.43598747,True,True,True,0.0,1842,True,True
ALGN,ALGN,Align Technology,Health Care,Health Care Supplies,2019-01-02,2026-05-01,7.326488706365503,1843,1.0,229797862.80314788,265104893.82669738,True,True,True,0.0,1842,True,True
NTAP,NTAP,NetApp,Information Technology,"Technology Hardware, Storage & Peripherals",2019-01-02,2026-05-01,7.326488706365503,1843,1.0,228006564.22696787,162108585.14114058,True,True,True,0.0,1842,True,True
SJM,SJM,J.M. Smucker Company (The),Consumer Staples,Packaged Foods & Meats,2019-01-02,2026-05-01,7.326488706365503,1843,1.0,227366783.1815019,133439977.83749788,True,True,True,0.0,1842,True,True
LVS,LVS,Las Vegas Sands,Consumer Discretionary,Casinos & Gaming,2019-01-02,2026-05-01,7.326488706365503,1843,1.0,227363215.98958975,286705188.56109285,True,True,True,0.0,1842,True,True
BIIB,BIIB,Biogen,Health Care,Biotechnology,2019-01-02,2026-05-01,7.326488706365503,1843,1.0,227003201.5465393,348183254.72489345,True,True,True,0.0,1842,True,True
FDS,FDS,FactSet,Financials,Financial Exchanges & Data,2019-01-02,2026-05-01,7.326488706365503,1843,1.0,225551464.25430045,116027237.43026568,True,True,True,0.0,1842,True,True
BRO,BRO,Brown & Brown,Financials,Insurance Brokers,2019-01-02,2026-05-01,7.326488706365503,1843,1.0,225415465.78892872,109671239.8986785,True,True,True,0.0,1842,True,True
WSM,WSM,"Williams-Sonoma, Inc.",Consumer Discretionary,Homefurnishing Retail,2019-01-02,2026-05-01,7.326488706365503,1843,1.0,225290060.61577988,183444797.31735724,True,True,True,0.0,1842,True,True
CNP,CNP,CenterPoint Energy,Utilities,Multi-Utilities,2019-01-02,2026-05-01,7.326488706365503,1843,1.0,225188055.19471774,145119393.64735705,True,True,True,0.0,1842,True,True
RL,RL,Ralph Lauren Corporation,Consumer Discretionary,"Apparel, Accessories & Luxury Goods",2019-01-02,2026-05-01,7.326488706365503,1843,1.0,224891368.96170655,134894986.4141783,True,True,True,0.0,1842,True,True
RJF,RJF,Raymond James Financial,Financials,Investment Banking & Brokerage,2019-01-02,2026-05-01,7.326488706365503,1843,1.0,224339859.43006897,121891344.83049802,True,True,True,0.0,1842,True,True
PKG,PKG,Packaging Corporation of America,Materials,Paper & Plastic Packaging Products & Materials,2019-01-02,2026-05-01,7.326488706365503,1843,1.0,222696587.06998596,109729658.57712898,True,True,True,0.0,1842,True,True
BLDR,BLDR,Builders FirstSource,Industrials,Building Products,2019-01-02,2026-05-01,7.326488706365503,1843,1.0,222047048.53237432,159261468.90045553,True,True,True,0.0,1842,True,True
TROW,TROW,T. Rowe Price,Financials,Asset Management & Custody Banks,2019-01-02,2026-05-01,7.326488706365503,1843,1.0,221725436.19966024,172007399.0494135,True,True,True,0.0,1842,True,True
GRMN,GRMN,Garmin,Consumer Discretionary,Consumer Electronics,2019-01-02,2026-05-01,7.326488706365503,1843,1.0,219140608.6723226,120556743.47114696,True,True,True,0.0,1842,True,True
TYL,TYL,Tyler Technologies,Information Technology,Application Software,2019-01-02,2026-05-01,7.326488706365503,1843,1.0,218738217.49369508,111600834.09505966,True,True,True,0.0,1842,True,True
GPC,GPC,Genuine Parts Company,Consumer Discretionary,Distributors,2019-01-02,2026-05-01,7.326488706365503,1843,1.0,217244911.61428502,122673233.57268244,True,True,True,0.0,1842,True,True
ZBH,ZBH,Zimmer Biomet,Health Care,Health Care Equipment,2019-01-02,2026-05-01,7.326488706365503,1843,1.0,214299495.68109956,179278313.84865832,True,True,True,0.0,1842,True,True
VRSN,VRSN,Verisign,Information Technology,Internet Services & Infrastructure,2019-01-02,2026-05-01,7.326488706365503,1843,1.0,213839686.0031362,140187483.45662203,True,True,True,0.0,1842,True,True
JBHT,JBHT,J.B. Hunt,Industrials,Cargo Ground Transportation,2019-01-02,2026-05-01,7.326488706365503,1843,1.0,213474550.3730067,134737889.67881244,True,True,True,0.0,1842,True,True
PEG,PEG,Public Service Enterprise Group,Utilities,Electric Utilities,2019-01-02,2026-05-01,7.326488706365503,1843,1.0,212509823.86473668,171523425.99169266,True,True,True,0.0,1842,True,True
TDY,TDY,Teledyne Technologies,Information Technology,Electronic Equipment & Instruments,2019-01-02,2026-05-01,7.326488706365503,1843,1.0,212046419.52621868,111175374.9793722,True,True,True,0.0,1842,True,True
DECK,DECK,Deckers Brands,Consumer Discretionary,Footwear,2019-01-02,2026-05-01,7.326488706365503,1843,1.0,211839406.94573846,196264657.67559773,True,True,True,0.0,1842,True,True
FFIV,FFIV,"F5, Inc.",Information Technology,Communications Equipment,2019-01-02,2026-05-01,7.326488706365503,1843,1.0,211573520.02622986,119430090.3812004,True,True,True,0.0,1842,True,True
HIG,HIG,Hartford (The),Financials,Property & Casualty Insurance,2019-01-02,2026-05-01,7.326488706365503,1843,1.0,210234158.22178522,144683732.2764065,True,True,True,0.0,1842,True,True
BG,BG,Bunge Global,Consumer Staples,Agricultural Products & Services,2019-01-02,2026-05-01,7.326488706365503,1843,1.0,208291227.93371746,119147878.04825749,True,True,True,0.0,1842,True,True
CPAY,CPAY,Corpay,Financials,Transaction & Payment Processing Services,2019-01-02,2026-05-01,7.326488706365503,1843,1.0,207280168.61210224,156499779.37861645,True,True,True,0.0,1842,True,True
FTV,FTV,Fortive,Industrials,Industrial Machinery & Supplies & Components,2019-01-02,2026-05-01,7.326488706365503,1843,1.0,207231931.59222138,159748557.49974194,True,True,True,0.0,1842,True,True
EXPD,EXPD,Expeditors International,Industrials,Air Freight & Logistics,2019-01-02,2026-05-01,7.326488706365503,1843,1.0,205199538.58704275,133424445.98896712,True,True,True,0.0,1842,True,True
CDW,CDW,CDW Corporation,Information Technology,Technology Distributors,2019-01-02,2026-05-01,7.326488706365503,1843,1.0,204383758.94875795,158773169.08962974,True,True,True,0.0,1842,True,True
MAS,MAS,Masco,Industrials,Building Products,2019-01-02,2026-05-01,7.326488706365503,1843,1.0,204154772.71790695,126708035.12961103,True,True,True,0.0,1842,True,True
MTD,MTD,Mettler Toledo,Health Care,Life Sciences Tools & Services,2019-01-02,2026-05-01,7.326488706365503,1843,1.0,202477413.45234376,157229454.22098318,True,True,True,0.0,1842,True,True
GDDY,GDDY,GoDaddy,Information Technology,Internet Services & Infrastructure,2019-01-02,2026-05-01,7.326488706365503,1843,1.0,201455393.44848555,143097350.0717846,True,True,True,0.0,1842,True,True
STE,STE,Steris,Health Care,Health Care Equipment,2019-01-02,2026-05-01,7.326488706365503,1843,1.0,200542730.44654337,108430762.64607769,True,True,True,0.0,1842,True,True
HII,HII,Huntington Ingalls Industries,Industrials,Aerospace & Defense,2019-01-02,2026-05-01,7.326488706365503,1843,1.0,200419200.57992145,87890025.09993094,True,True,True,0.0,1842,True,True
DGX,DGX,Quest Diagnostics,Health Care,Health Care Services,2019-01-02,2026-05-01,7.326488706365503,1843,1.0,199194697.26833573,149301623.03361908,True,True,True,0.0,1842,True,True
CPB,CPB,Campbell's Company (The),Consumer Staples,Packaged Foods & Meats,2019-01-02,2026-05-01,7.326488706365503,1843,1.0,198014169.6760941,125114993.58447123,True,True,True,0.0,1842,True,True
NI,NI,NiSource,Utilities,Multi-Utilities,2019-01-02,2026-05-01,7.326488706365503,1843,1.0,195402309.18294525,118457086.4566988,True,True,True,0.0,1842,True,True
CHD,CHD,Church & Dwight,Consumer Staples,Household Products,2019-01-02,2026-05-01,7.326488706365503,1843,1.0,195000793.6056099,143369892.63539478,True,True,True,0.0,1842,True,True
EPAM,EPAM,EPAM Systems,Information Technology,IT Consulting & Other Services,2019-01-02,2026-05-01,7.326488706365503,1843,1.0,193131207.97345123,146133449.14934725,True,True,True,0.0,1842,True,True
AEE,AEE,Ameren,Utilities,Multi-Utilities,2019-01-02,2026-05-01,7.326488706365503,1843,1.0,192503205.8190435,127085597.10706863,True,True,True,0.0,1842,True,True
AES,AES,AES Corporation,Utilities,Independent Power Producers & Energy Traders,2019-01-02,2026-05-01,7.326488706365503,1843,1.0,190473885.19564694,129099524.02559842,True,True,True,0.0,1842,True,True
ATO,ATO,Atmos Energy,Utilities,Gas Utilities,2019-01-02,2026-05-01,7.326488706365503,1843,1.0,189249238.53069866,111587239.53883685,True,True,True,0.0,1842,True,True
IRM,IRM,Iron Mountain,Real Estate,Other Specialized REITs,2019-01-02,2026-05-01,7.326488706365503,1843,1.0,187847647.58748475,111660553.5728221,True,True,True,0.0,1842,True,True
DD,DD,DuPont,Materials,Specialty Chemicals,2019-01-02,2026-05-01,7.326488706365503,1843,1.0,186773640.33125052,272918831.337759,True,True,True,0.0,1842,True,True
SWKS,SWKS,Skyworks Solutions,Information Technology,Semiconductors,2019-01-02,2026-05-01,7.326488706365503,1843,1.0,186362181.17604154,232657863.6191598,True,True,True,0.0,1842,True,True
ROL,ROL,"Rollins, Inc.",Industrials,Environmental & Facilities Services,2019-01-02,2026-05-01,7.326488706365503,1843,1.0,186000844.20917714,73370607.73144825,True,True,True,0.0,1842,True,True
DTE,DTE,DTE Energy,Utilities,Multi-Utilities,2019-01-02,2026-05-01,7.326488706365503,1843,1.0,185943157.33665162,145240523.43738568,True,True,True,0.0,1842,True,True
ACGL,ACGL,Arch Capital Group,Financials,Property & Casualty Insurance,2019-01-02,2026-05-01,7.326488706365503,1843,1.0,185744105.50906053,117358586.06088743,True,True,True,0.0,1842,True,True
HAS,HAS,Hasbro,Consumer Discretionary,Leisure Products,2019-01-02,2026-05-01,7.326488706365503,1843,1.0,182926272.3760011,106953627.56996252,True,True,True,0.0,1842,True,True
LDOS,LDOS,Leidos,Industrials,Diversified Support Services,2019-01-02,2026-05-01,7.326488706365503,1843,1.0,182237147.90633646,111223633.91798916,True,True,True,0.0,1842,True,True
ZBRA,ZBRA,Zebra Technologies,Information Technology,Electronic Equipment & Instruments,2019-01-02,2026-05-01,7.326488706365503,1843,1.0,181960288.44973347,133031647.55901438,True,True,True,0.0,1842,True,True
WYNN,WYNN,Wynn Resorts,Consumer Discretionary,Casinos & Gaming,2019-01-02,2026-05-01,7.326488706365503,1843,1.0,181082763.9447113,263958753.25543067,True,True,True,0.0,1842,True,True
EXR,EXR,Extra Space Storage,Real Estate,Self-Storage REITs,2019-01-02,2026-05-01,7.326488706365503,1843,1.0,180964787.36358008,143715254.6910806,True,True,True,0.0,1842,True,True
BAX,BAX,Baxter International,Health Care,Health Care Equipment,2019-01-02,2026-05-01,7.326488706365503,1843,1.0,179615652.09888175,206455777.14803907,True,True,True,0.0,1842,True,True
AVB,AVB,AvalonBay Communities,Real Estate,Multi-Family Residential REITs,2019-01-02,2026-05-01,7.326488706365503,1843,1.0,178637277.7667338,152385966.28519467,True,True,True,0.0,1842,True,True
POOL,POOL,Pool Corporation,Consumer Discretionary,Distributors,2019-01-02,2026-05-01,7.326488706365503,1843,1.0,177139668.81463495,125858452.386331,True,True,True,0.0,1842,True,True
LH,LH,Labcorp,Health Care,Health Care Services,2019-01-02,2026-05-01,7.326488706365503,1843,1.0,176559714.83099365,160569191.56130153,True,True,True,0.0,1842,True,True
TSN,TSN,Tyson Foods,Consumer Staples,Packaged Foods & Meats,2019-01-02,2026-05-01,7.326488706365503,1843,1.0,175448012.04179052,173291296.47473454,True,True,True,0.0,1842,True,True
ES,ES,Eversource Energy,Utilities,Electric Utilities,2019-01-02,2026-05-01,7.326488706365503,1843,1.0,175250122.50430095,146310340.58973163,True,True,True,0.0,1842,True,True
MGM,MGM,MGM Resorts,Consumer Discretionary,Casinos & Gaming,2019-01-02,2026-05-01,7.326488706365503,1843,1.0,174981039.7956355,217545882.2330216,True,True,True,0.0,1842,True,True
PTC,PTC,PTC Inc.,Information Technology,Application Software,2019-01-02,2026-05-01,7.326488706365503,1843,1.0,173807889.15355554,113194966.33359644,True,True,True,0.0,1842,True,True
HST,HST,Host Hotels & Resorts,Real Estate,Hotel & Resort REITs,2019-01-02,2026-05-01,7.326488706365503,1843,1.0,172052271.59425366,134170488.38380532,True,True,True,0.0,1842,True,True
NVR,NVR,"NVR, Inc.",Consumer Discretionary,Homebuilding,2019-01-02,2026-05-01,7.326488706365503,1843,1.0,171761335.31722006,124897683.60760097,True,True,True,0.0,1842,True,True
LNT,LNT,Alliant Energy,Utilities,Electric Utilities,2019-01-02,2026-05-01,7.326488706365503,1843,1.0,171041488.5082802,87935629.6946922,True,True,True,0.0,1842,True,True
CRL,CRL,Charles River Laboratories,Health Care,Life Sciences Tools & Services,2019-01-02,2026-05-01,7.326488706365503,1843,1.0,170827814.22152963,117842003.05367182,True,True,True,0.0,1842,True,True
NTRS,NTRS,Northern Trust,Financials,Asset Management & Custody Banks,2019-01-02,2026-05-01,7.326488706365503,1843,1.0,167866535.51860556,114015383.1782054,True,True,True,0.0,1842,True,True
EQR,EQR,Equity Residential,Real Estate,Multi-Family Residential REITs,2019-01-02,2026-05-01,7.326488706365503,1843,1.0,167763283.43936667,135200474.87292767,True,True,True,0.0,1842,True,True
INVH,INVH,Invitation Homes,Real Estate,Single-Family Residential REITs,2019-01-02,2026-05-01,7.326488706365503,1843,1.0,165397627.6262175,123684017.8666117,True,True,True,0.0,1842,True,True
IEX,IEX,IDEX Corporation,Industrials,Industrial Machinery & Supplies & Components,2019-01-02,2026-05-01,7.326488706365503,1843,1.0,164741310.07244518,94585341.25936711,True,True,True,0.0,1842,True,True
APTV,APTV,Aptiv,Consumer Discretionary,Automotive Parts & Equipment,2019-01-02,2026-05-01,7.326488706365503,1843,1.0,164403487.3117954,190249040.72466812,True,True,True,0.0,1842,True,True
BF-B,BF.B,Brown–Forman,Consumer Staples,Distillers & Vintners,2019-01-02,2026-05-01,7.326488706365503,1843,1.0,161678667.26766104,85882850.92906728,True,True,True,0.0,1842,True,True
INCY,INCY,Incyte,Health Care,Biotechnology,2019-01-02,2026-05-01,7.326488706365503,1843,1.0,161388587.3218212,127916604.594245,True,True,True,0.0,1842,True,True
JKHY,JKHY,Jack Henry & Associates,Financials,Transaction & Payment Processing Services,2019-01-02,2026-05-01,7.326488706365503,1843,1.0,160752434.1358429,93325642.66834266,True,True,True,0.0,1842,True,True
EVRG,EVRG,Evergy,Utilities,Electric Utilities,2019-01-02,2026-05-01,7.326488706365503,1843,1.0,158438779.68804297,115543122.89667639,True,True,True,0.0,1842,True,True
SWK,SWK,Stanley Black & Decker,Industrials,Industrial Machinery & Supplies & Components,2019-01-02,2026-05-01,7.326488706365503,1843,1.0,158141870.68989053,175673903.85096055,True,True,True,0.0,1842,True,True
PFG,PFG,Principal Financial Group,Financials,Life & Health Insurance,2019-01-02,2026-05-01,7.326488706365503,1843,1.0,153454310.02466953,97428699.2659964,True,True,True,0.0,1842,True,True
PNR,PNR,Pentair,Industrials,Industrial Machinery & Supplies & Components,2019-01-02,2026-05-01,7.326488706365503,1843,1.0,152831106.91439566,90112657.87601677,True,True,True,0.0,1842,True,True
SNA,SNA,Snap-on,Industrials,Industrial Machinery & Supplies & Components,2019-01-02,2026-05-01,7.326488706365503,1843,1.0,152816243.8076477,87903827.50088349,True,True,True,0.0,1842,True,True
VTRS,VTRS,Viatris,Health Care,Pharmaceuticals,2019-01-02,2026-05-01,7.326488706365503,1843,1.0,151603941.9279713,120767361.11675145,True,True,True,0.0,1842,True,True
UHS,UHS,Universal Health Services,Health Care,Health Care Facilities,2019-01-02,2026-05-01,7.326488706365503,1843,1.0,151160960.74171245,104149149.8051365,True,True,True,0.0,1842,True,True
COO,COO,Cooper Companies (The),Health Care,Health Care Supplies,2019-01-02,2026-05-01,7.326488706365503,1843,1.0,150141384.18327013,118880071.23429552,True,True,True,0.0,1842,True,True
BXP,BXP,"BXP, Inc.",Real Estate,Office REITs,2019-01-02,2026-05-01,7.326488706365503,1843,1.0,148626447.5421022,105755856.54848652,True,True,True,0.0,1842,True,True
GEN,GEN,Gen Digital,Information Technology,Systems Software,2019-01-02,2026-05-01,7.326488706365503,1843,1.0,147227498.87935156,122413753.00749052,True,True,True,0.0,1842,True,True
WRB,WRB,W. R. Berkley Corporation,Financials,Property & Casualty Insurance,2019-01-02,2026-05-01,7.326488706365503,1843,1.0,145536825.7535558,86790630.42515725,True,True,True,0.0,1842,True,True
ALLE,ALLE,Allegion,Industrials,Building Products,2019-01-02,2026-05-01,7.326488706365503,1843,1.0,143701352.798968,93867635.63158645,True,True,True,0.0,1842,True,True
TAP,TAP,Molson Coors Beverage Company,Consumer Staples,Brewers,2019-01-02,2026-05-01,7.326488706365503,1843,1.0,142914996.164018,105077807.17590345,True,True,True,0.0,1842,True,True
PSKY,PSKY,Paramount Skydance Corporation,Communication Services,Movies & Entertainment,2019-01-02,2026-05-01,7.326488706365503,1843,1.0,142748430.8590001,317611957.5093323,True,True,True,0.0,1842,True,True
IVZ,IVZ,Invesco,Financials,Asset Management & Custody Banks,2019-01-02,2026-05-01,7.326488706365503,1843,1.0,141439923.51412508,89640936.96010695,True,True,True,0.0,1842,True,True
DOC,DOC,Healthpeak Properties,Real Estate,Health Care REITs,2019-01-02,2026-05-01,7.326488706365503,1843,1.0,140189141.08283952,111509669.08372675,True,True,True,0.0,1842,True,True
TXT,TXT,Textron,Industrials,Aerospace & Defense,2019-01-02,2026-05-01,7.326488706365503,1843,1.0,140069931.67956746,89086133.87966003,True,True,True,0.0,1842,True,True
BALL,BALL,Ball Corporation,Materials,"Metal, Glass & Plastic Containers",2019-01-02,2026-05-01,7.326488706365503,1843,1.0,138953345.3421257,138425508.3742699,True,True,True,0.0,1842,True,True
BEN,BEN,Franklin Resources,Financials,Asset Management & Custody Banks,2019-01-02,2026-05-01,7.326488706365503,1843,1.0,137504032.5069644,92968482.55741693,True,True,True,0.0,1842,True,True
UDR,UDR,"UDR, Inc.",Real Estate,Multi-Family Residential REITs,2019-01-02,2026-05-01,7.326488706365503,1843,1.0,134129761.92545955,91487593.05937578,True,True,True,0.0,1842,True,True
WY,WY,Weyerhaeuser,Real Estate,Timber REITs,2019-01-02,2026-05-01,7.326488706365503,1843,1.0,131680921.39536364,129107348.59733704,True,True,True,0.0,1842,True,True
CINF,CINF,Cincinnati Financial,Financials,Property & Casualty Insurance,2019-01-02,2026-05-01,7.326488706365503,1843,1.0,129827910.19645385,80267567.5280675,True,True,True,0.0,1842,True,True
DVA,DVA,DaVita,Health Care,Health Care Services,2019-01-02,2026-05-01,7.326488706365503,1843,1.0,128328903.81612651,98863700.63193198,True,True,True,0.0,1842,True,True
ESS,ESS,Essex Property Trust,Real Estate,Multi-Family Residential REITs,2019-01-02,2026-05-01,7.326488706365503,1843,1.0,127194782.31235555,110883879.50614521,True,True,True,0.0,1842,True,True
IFF,IFF,International Flavors & Fragrances,Materials,Specialty Chemicals,2019-01-02,2026-05-01,7.326488706365503,1843,1.0,126425251.07428615,173636675.68692175,True,True,True,0.0,1842,True,True
KIM,KIM,Kimco Realty,Real Estate,Retail REITs,2019-01-02,2026-05-01,7.326488706365503,1843,1.0,125921568.4694601,92201624.84200318,True,True,True,0.0,1842,True,True
MAA,MAA,Mid-America Apartment Communities,Real Estate,Multi-Family Residential REITs,2019-01-02,2026-05-01,7.326488706365503,1843,1.0,125293664.71217652,102669380.65401125,True,True,True,0.0,1842,True,True
TRMB,TRMB,Trimble Inc.,Information Technology,Application Software,2019-01-02,2026-05-01,7.326488706365503,1843,1.0,123869016.40736847,80561001.29171889,True,True,True,0.0,1842,True,True
TECH,TECH,Bio-Techne,Health Care,Life Sciences Tools & Services,2019-01-02,2026-05-01,7.326488706365503,1843,1.0,122555664.61061376,81224020.87341736,True,True,True,0.0,1842,True,True
PNW,PNW,Pinnacle West Capital,Utilities,Multi-Utilities,2019-01-02,2026-05-01,7.326488706365503,1843,1.0,122444593.12476349,83730599.20131908,True,True,True,0.0,1842,True,True
J,J,Jacobs Solutions,Industrials,Construction & Engineering,2019-01-02,2026-05-01,7.326488706365503,1843,1.0,120457373.88822861,90471921.14172287,True,True,True,0.0,1842,True,True
EG,EG,Everest Group,Financials,Reinsurance,2019-01-02,2026-05-01,7.326488706365503,1843,1.0,120181502.65305583,98572717.25245823,True,True,True,0.0,1842,True,True
CPT,CPT,Camden Property Trust,Real Estate,Multi-Family Residential REITs,2019-01-02,2026-05-01,7.326488706365503,1843,1.0,119133366.57173283,96293847.76087582,True,True,True,0.0,1842,True,True
ARE,ARE,Alexandria Real Estate Equities,Real Estate,Office REITs,2019-01-02,2026-05-01,7.326488706365503,1843,1.0,115714715.33190766,135296824.02832842,True,True,True,0.0,1842,True,True
AVY,AVY,Avery Dennison,Materials,Paper & Plastic Packaging Products & Materials,2019-01-02,2026-05-01,7.326488706365503,1843,1.0,112047180.60376638,93740979.618874,True,True,True,0.0,1842,True,True
HRL,HRL,Hormel Foods,Consumer Staples,Packaged Foods & Meats,2019-01-02,2026-05-01,7.326488706365503,1843,1.0,107558551.84773064,97832591.73457257,True,True,True,0.0,1842,True,True
NWSA,NWSA,News Corp (Class A),Communication Services,Publishing,2019-01-02,2026-05-01,7.326488706365503,1843,1.0,107231626.52434571,61657278.03053902,True,True,True,0.0,1842,True,True
REG,REG,Regency Centers,Real Estate,Retail REITs,2019-01-02,2026-05-01,7.326488706365503,1843,1.0,106307286.74665883,66469113.27530041,True,True,True,0.0,1842,True,True
NDSN,NDSN,Nordson Corporation,Industrials,Industrial Machinery & Supplies & Components,2019-01-02,2026-05-01,7.326488706365503,1843,1.0,104261966.27189636,57095241.0535298,True,True,True,0.0,1842,True,True
RVTY,RVTY,Revvity,Health Care,Health Care Equipment,2019-01-02,2026-05-01,7.326488706365503,1843,1.0,102062646.4205307,104730460.76558572,True,True,True,0.0,1842,True,True
HSIC,HSIC,Henry Schein,Health Care,Health Care Distributors,2019-01-02,2026-05-01,7.326488706365503,1843,1.0,100610084.51498719,86949073.7769449,True,True,True,0.0,1842,True,True
AOS,AOS,A. O. Smith,Industrials,Building Products,2019-01-02,2026-05-01,7.326488706365503,1843,1.0,97674720.59280561,77376385.98737718,True,True,True,0.0,1842,True,True
FRT,FRT,Federal Realty Investment Trust,Real Estate,Retail REITs,2019-01-02,2026-05-01,7.326488706365503,1843,1.0,91081153.18390757,64311435.802295655,True,True,True,0.0,1842,True,True
AIZ,AIZ,Assurant,Financials,Multi-line Insurance,2019-01-02,2026-05-01,7.326488706365503,1843,1.0,89496843.73333588,65514198.30638307,True,True,True,0.0,1842,True,True
L,L,Loews Corporation,Financials,Multi-line Insurance,2019-01-02,2026-05-01,7.326488706365503,1843,1.0,73110751.5774882,54200276.98184823,True,True,True,0.0,1842,True,True
GL,GL,Globe Life,Financials,Life & Health Insurance,2019-01-02,2026-05-01,7.326488706365503,1843,1.0,71388332.08943684,64491641.89772272,True,True,True,0.0,1842,True,True
ERIE,ERIE,Erie Indemnity,Financials,Insurance Brokers,2019-01-02,2026-05-01,7.326488706365503,1843,1.0,59873630.15869243,32840565.871831436,True,True,True,0.0,1842,True,True
NWS,NWS,News Corp (Class B),Communication Services,Publishing,2019-01-02,2026-05-01,7.326488706365503,1843,1.0,42193862.44083767,17469282.113904186,True,True,True,0.0,1842,True,True
